{"cancle":{"color":"rgb(0, 0, 0);rgb(0, 0, 0);rgb(170, 170, 170)","image":"local:normal_second;local:hover_second;local:disable_gray"},"next":{"color":"rgb(255, 255, 255);rgb(255, 255, 255);rgb(170, 170, 170)","image":"local:normal;local:hover;local:disable_gray"},"pay":{"color":"rgb(255, 255, 255);rgb(255, 255, 255);rgb(112, 164, 239)","image":"local:normal;local:hover;local:disable_blue"},"cashier_title_large_0":{"style":"titleView","content":"title"},"cashier_title_large_0_0":{"width":"-1","height":"76","image":"local:page_title"},"cashier_title_large_0_0_0":{"align":"left","vertical-align":"middle","width":"-2"},"cashier_title_large_0_0_0_0":{"width":"-2"},"cashier_title_large_0_0_0_0_0":{"vertical-align":"middle","image":"local:back","margin":"0 20 0 12"},"cashier_title_large_0_0_0_0_1":{"vertical-align":"middle","color":"rgb(255, 255, 255)","size":"23"},"cashier_title_large_0_0_1":{"height":"-2","width":"-2","align":"center","vertical-align":"middle"},"cashier_title_large_0_0_1_0":{"align":"center","color":"rgb(255, 255, 255)","size":"26","text-align":"center","margin":"0 0 5 0"},"cashier_title_large_0_0_1_1":{"align":"center","color":"rgb(153, 153, 153)","text-align":"center","size":"16"},"cashier_title_large_0_0_2":{"height":"-2","width":"140","align":"right","vertical-align":"middle","text-align":"right","margin":"0 0 0 18","color":"rgb(255, 255, 255)","size":"23"},"cashier_title_large_0_0_3":{"height":"48","width":"76","align":"right","vertical-align":"middle","text-align":"center","margin":"0 0 0 18","color":"rgb(204, 204, 204)","size":"20"},"cashier_title_small_0":{"style":"titleView","content":"title"},"cashier_title_small_0_0":{"width":"-1","height":"76"},"cashier_title_small_0_0_0":{"align":"left","padding":"0 22 0 22","vertical-align":"middle","image":"local:back"},"cashier_title_small_0_0_1":{"height":"-2","width":"-2","align":"center","vertical-align":"middle"},"cashier_title_small_0_0_1_0":{"align":"center","color":"rgb(0, 0, 0)","size":"24","text-align":"center","margin":"0 0 5 0"},"cashier_title_small_0_0_1_1":{"align":"center","color":"rgb(153, 153, 153)","size":"16","text-align":"center"},"cashier_title_small_0_0_2":{"width":"-2","align":"right","vertical-align":"middle","margin":"0 0 0 15","color":"rgb(102, 102, 102)","size":"20"},"cashier_title_small_0_0_3":{"align":"right","image":"local:help","vertical-align":"middle","margin":"0 0 0 15"},"cashier_title_small_home_0_0_1_0":{"align":"center","color":"rgb(0, 0, 0)","size":"24","text-align":"center","margin":"0 0 5 0"},"cashier_init_0":{"direction":"vertical","height":"auto","image":"local:bg"},"cashier_init_0_0":{"height":"58%","overflow":"scroll"},"cashier_init_0_0_0":{"image":"local:middle_line","height":"1"},"cashier_init_0_0_1":{"height":"15%"},"cashier_init_0_0_1_0":{"color":"rgb(0, 0, 0)","margin":"12 30 12 3","size":"22"},"cashier_init_0_0_1_1":{"color":"rgb(186, 186, 186)","margin":"0 0 0 0","vertical-align":"middle","size":"20","text-decoration":"line-through"},"cashier_init_0_0_1_2":{"color":"rgb(186, 186, 186)","align":"right","vertical-align":"middle","margin":"0 0 0 52","size":"20"},"cashier_init_0_0_1_3":{"align":"right","vertical-align":"middle","margin":"0 0 0 30","image":"local:goto"},"cashier_init_0_0_2":{"image":"local:middle_line","height":"1","margin":"0 17 0 0"},"cashier_init_0_0_3":{"height":"15%"},"cashier_init_0_0_3_0":{"color":"rgb(0, 0, 0)","margin":"12 30 12 3","size":"22"},"cashier_init_0_0_3_1":{"color":"rgb(51, 51, 51)","margin":"0 0 0 52","align":"right","vertical-align":"middle","image":"local:red_dot"},"cashier_init_0_0_3_2":{"align":"right","vertical-align":"middle","image":"local:goto","margin":"0 0 0 30"},"cashier_init_0_0_4":{"image":"local:middle_line","height":"1"},"cashier_init_0_0_5":{"margin":"25 22 0 22"},"cashier_init_0_0_6":{"margin":"20 22 0 22"},"cashier_init_0_0_7":{"margin":"35 30 0 22","color":"rgb(186, 186, 186)"},"cashier_init_0_0_8":{"margin":"35 30 0 22"},"cashier_init_0_0_8_0":{"color":"rgb(186, 186, 186)"},"cashier_init_0_0_8_1":{"color":"rgb(94, 124, 186)"},"cashier_init_0_1":{"margin":"0 22 12 22"},"cashier_init_0_1_0_0":{"color":"rgb(0, 0, 0);rgb(0, 0, 0);rgb(170, 170, 170)","image":"local:normal_second;local:hover_second;local:disable_second","padding":"0 0 0 0","size":"28","height":"18%","width":"44%"},"cashier_init_0_1_0_1":{"color":"rgb(255, 255, 255);rgb(255, 255, 255);rgb(139, 190, 242)","image":"local:normal;local:hover;local:disable_blue","margin":"0 10 0 0","submit":"true","padding":"0 0 0 0","size":"28","height":"18%","align":"right","width":"44%"},"cashier_init_0_1_0_2":{"color":"rgb(255, 255, 255);rgb(255, 255, 255);rgb(139, 190, 242)","image":"local:normal;local:hover;local:disable_blue","margin":"0 10 0 0","submit":"true","padding":"0 0 0 0","size":"28","height":"18%","align":"right","width":"95%"},"cashier_phone_login_0":{"allowBack":"false","direction":"vertical","exit":"是否放弃付款？","height":"auto","image":"local:bg","width":"90%"},"cashier_phone_login_0_0":{"height":"0","style":"headerview","width":"320"},"cashier_phone_login_0_1":{"style":"headerview","margin":"20 0 0 0"},"cashier_phone_login_0_1_0":{"margin":"0 0 0 0","style":"cell","height":"80"},"cashier_phone_login_0_1_0_0":{"margin":"0 15 0 0","size":"24","vertical-align":"middle"},"cashier_phone_login_0_1_0_1":{"align":"right","margin":"0 0 0 47","size":"24","vertical-align":"middle"},"cashier_phone_login_0_1_0_2":{"align":"right","image":"local:goto","margin":"0 0 0 22","vertical-align":"middle"},"cashier_phone_login_0_1_1":{"margin":"0 0 0 0","height":"80","cursor":"true","format_msg":"请输入正确的手机号码","keyboard":"num","style":"cell"},"cashier_phone_login_0_1_2":{"height":"0.1","style":"footerview"},"cashier_phone_login_0_2":{"style":"footerview"},"cashier_phone_login_0_2_0":{"color":"rgb(255, 255, 255);rgb(255, 255, 255);rgb(170, 170, 170)","image":"local:normal;local:hover;local:disable_gray","margin":"20 20 0 20","size":"28","submit":"true"},"cashier_phone_login_0_2_1":{"color":"rgb(66, 143, 237)","margin":"15 20 0 0"},"cashier_login_0":{"image":"local:bg"},"cashier_login_0_1":{"margin":"15 0 9 0","together":"true"},"cashier_login_0_1_0":{"cursor":"true","style":"cell"},"cashier_login_0_1_1":{"style":"cell"},"cashier_login_0_2_0":{"align":"right","margin":"0 0 20 15","content":"loginpwd","underline":"false"},"cashier_login_0_2_1":{"margin":"0 15 0 15","color":"rgb(255, 255, 255);rgb(255, 255, 255);rgb(170, 170, 170)","image":"local:normal;local:hover;local:disable_gray","height":"70","size":"28","submit":"true"},"cashier_account_0_1":{"margin":"20 0 0 0"},"cashier_account_0_1_0":{"color":"rgb(255, 255, 255)","width":"-1","height":"64","style":"cell"},"cashier_account_0_1_0_0":{"align":"left","color":"rgb(0, 0, 0)","margin":"0 20 0 15","size":"24","vertical-align":"middle"},"cashier_account_0_1_0_1":{"margin":"0 0 0 20","align":"right","vertical-align":"middle","image":"local:goto"},"cashier_account_0_1_1":{"color":"rgb(255, 255, 255)","width":"-1","height":"80","style":"cell"},"cashier_account_0_1_1_0":{"align":"left","vertical-align":"middle","color":"rgb(0, 0, 0)","margin":"0 15 0 15","size":"21"},"cashier_account_0_1_1_1":{"margin":"0 0 0 15","align":"right","vertical-align":"middle","image":"local:goto"},"cashier_channel_0":{"scroll":"true"},"cashier_channel_0_0":{"margin":"20 0 15 0"},"cashier_channel_0_0_0":{"color":"rgb(255, 255, 255)","width":"-1","height":"80","style":"cell"},"cashier_channel_0_0_0_0":{"align":"left","width":"-2","heigth":"-1","vertical-align":"middle","margin":"10 0 9 0","style":"headerview"},"cashier_channel_0_0_0_0_0":{"width":"-2","margin":"0 20 0 0","align":"left","heigth":"-2","vertical-align":"middle"},"cashier_channel_0_0_0_0_0_0":{"color":"rgb(0, 0, 0)","size":"22","vertical-align":"middle"},"cashier_channel_0_0_0_0_0_1":{"margin":"0 10 0 0","vertical-align":"middle","image":"local:hui"},"cashier_channel_0_0_0_0_0_2":{"image":"local:hui","margin":"0 10 0 -18","vertical-align":"middle"},"cashier_channel_0_0_0_0_0_3":{"image":"local:busy","margin":"0 10 0 0","vertical-align":"middle"},"cashier_channel_0_0_0_0_1":{"margin":"5 20 0 0","size":"20","color":"rgb(153, 153, 153)","width":"-2","align":"left"},"cashier_channel_0_0_0_1":{"align":"right","vertical-align":"middle","color":"rgb(153, 153, 153)","margin":"0 0 0 20","size":"21"},"cashier_channel_0_0_0_2":{"margin":"0 0 0 20","align":"right","vertical-align":"middle","image":"local:gou"},"cashier_channel_0_0_0_3":{"margin":"0 0 0 20","align":"right","vertical-align":"middle","image":"local:goto"},"cashier_channel_0_0_1":{"color":"rgb(255, 255, 255)","width":"-1","height":"74","style":"cell"},"cashier_channel_0_0_1_0":{"align":"left","width":"80%","vertical-align":"middle","margin":"10 0 10 0","style":"headerview"},"cashier_channel_0_0_1_0_0":{"width":"-2","margin":"0 15 0 0","align":"left","heigth":"-2","vertical-align":"middle"},"cashier_channel_0_0_1_0_0_0":{"color":"rgb(0, 0, 0)","size":"24"},"cashier_channel_0_0_1_0_0_1":{"margin":"0 10 0 0","image":"local:hui"},"cashier_channel_0_0_1_0_1":{"margin":"5 15 0 0","size":"20","color":"rgb(153, 153, 153)","width":"-2","align":"left"},"cashier_channel_0_0_1_1":{"color":"rgb(153, 153, 153)","margin":"0 0 0 15","size":"21","align":"right","vertical-align":"middle"},"cashier_channel_0_0_1_2":{"margin":"0 0 0 15","align":"right","vertical-align":"middle","image":"local:gou"},"cashier_channel_0_1":{"style":"footerview"},"cashier_channel_0_1_0":{"color":"rgb(153, 153, 153)","margin":"0 20 15 0","size":"20"},"cashier_card_no_0":{},"cashier_card_no_0_0_0":{"align":"left","color":"rgb(0, 0, 0)","content":"card_no","margin":"20 0 0 0","size":"22","width":"-1","must":"true","style":"cell","image":"local:inputGroup"},"cashier_card_no_0_0_1":{"color":"rgb(153, 153, 153)","margin":"9 20 0 0","size":"20","style":"footerview"},"cashier_card_no_0_1":{"style":"footerview"},"cashier_card_no_0_1_0":{"color":"rgb(255, 255, 255);rgb(255, 255, 255);rgb(170, 170, 170)","image":"local:normal;local:hover;local:disable_gray","height":"70","margin":"20 20 0 20","size":"28","submit":"true","width":"-1"},"cashier_card_no_0_1_1":{"color":"rgb(38, 129, 215)","margin":"20 15 0 0","size":"22","align":"left","underline":"false"},"cashier_notice_0":{"style":"headerview","width":"-1"},"cashier_notice_0_0":{"color":"rgb(255, 255, 255)","width":"-1"},"cashier_notice_0_0_0":{"align":"left","vertical-align":"middle","image":"local:tip","margin":"20 15 20 15"},"cashier_notice_0_0_1":{"color":"rgb(51, 51, 51)","size":"22","vertical-align":"middle","margin":"20 0 20 15"},"cashier_notice_0_1":{"height":"1","image":"local:middle_line"},"cashier_memo_0":{"height":"85","style":"headerview","width":"-1"},"cashier_memo_0_0":{"color":"rgb(255, 255, 255)","height":"84","width":"-1"},"cashier_memo_0_0_0":{"align":"left","vertical-align":"middle","image":"local:sure","margin":"0 15 0 15"},"cashier_memo_0_0_1":{"color":"rgb(51, 51, 51)","size":"22","vertical-align":"middle","margin":"0 0 0 15"},"cashier_memo_0_1":{"height":"1","image":"local:middle_line"},"cashier_card_pwd_0":{"image":"local:bg"},"cashier_card_pwd_0_0":{"style":"headerview"},"cashier_card_pwd_0_0_0":{"color":"rgb(0, 0, 0)","margin":"15 10 15 10","size":"21","text-align":"center","align":"center"},"cashier_card_pwd_0_0_1":{"image":"local:minipwd_big","margin":"10 15 0 15"},"cashier_card_pwd_0_1_0":{"cursor":"true","height":"76","keyboard":"en","margin":"15 0 0 0"},"cashier_card_pwd_0_2":{"style":"footerview"},"cashier_card_pwd_0_2_0":{"color":"rgb(255, 255, 255);rgb(255, 255, 255);rgb(204, 204, 204)","height":"76","image":"local:normal;local:hover;local:disable_gray","margin":"20 15 0 15","size":"26","submit":"true","width":"-1"},"cashier_setspwd_repeat_0_0_0":{"margin":"20 20 20 20","text-align":"center","align":"center"},"cashier_setspwd_repeat_0_0_1":{"margin":"0 15 10 15","image":"local:minipwd_big"},"cashier_setspwd_repeat_0_0_2":{"margin":"0 15 10 15","image":"local:input"},"cashier_setspwd_repeat_0_0_3":{"color":"rgb(255, 255, 255);rgb(255, 255, 255);rgb(170, 170, 170)","image":"local:normal;local:hover;local:disable_gray","submit":"true","margin":"20 15 0 15","size":"28","height":"70"},"cashier_credit_card_0":{"scroll":"true"},"cashier_credit_card_0_1_1":{"style":"cell","margin":"20 0 20 0"},"cashier_credit_card_0_1_1_0":{"size":"24","vertical-align":"middle","margin":"0 15 0 0","width":"115"},"cashier_credit_card_0_1_1_1":{"size":"24","vertical-align":"middle"},"cashier_credit_card_0_1_1_2":{"size":"24","margin":"0 20 0 0","vertical-align":"middle"},"cashier_credit_card_0_2":{"margin":"0 0 20 0"},"cashier_credit_card_0_2_1":{"size":"22","style":"cell"},"cashier_credit_card_0_2_2":{"size":"22","style":"cell","margin":"0 0 9 0"},"cashier_credit_card_0_2_3":{"style":"footerview","margin":"0 15 0 15"},"cashier_credit_card_0_2_3_0":{"color":"rgb(153, 153, 153)","size":"18"},"cashier_credit_card_0_2_3_1":{"align":"right","color":"rgb(0, 170, 255)","size":"18"},"cashier_credit_card_0_3":{"together":"true","margin":"0 0 20 0"},"cashier_credit_card_0_3_0":{"style":"headerview"},"cashier_credit_card_0_3_1":{"content":"card_validate","size":"16","style":"cell"},"cashier_credit_card_0_3_2":{"content":"cvv","keyboard":"num","size":"16","style":"cell"},"cashier_credit_card_0_4":{"together":"true","margin":"0 0 9 0"},"cashier_credit_card_0_4_0":{"style":"headerview"},"cashier_credit_card_0_4_1":{"size":"16","style":"cell"},"cashier_credit_card_0_5":{"style":"footerview"},"cashier_credit_card_0_5_0":{"margin":"0 20 20 15"},"cashier_credit_card_0_5_0_0":{"color":"rgb(51, 51, 51)","size":"18"},"cashier_credit_card_0_5_0_1":{"color":"rgb(0, 170, 255)","size":"18"},"cashier_credit_card_0_5_1":{"color":"rgb(255, 255, 255);rgb(255, 255, 255);rgb(170, 170, 170)","image":"local:normal;local:hover;local:disable_gray","size":"28","height":"70","margin":"0 15 0 15","submit":"true","width":"-1"},"cashier_sms_0":{"image":"local:bg"},"cashier_sms_0_0":{"style":"headerview"},"cashier_sms_0_0_0":{"align":"center","color":"rgb(153, 153, 153)","margin":"20 10 15 10"},"cashier_sms_0_1":{"image":"local:inputGroup"},"cashier_sms_0_1_0_0":{"align":"left","cursor":"true","keyboard":"num","margin":"0 0 0 0","size":"16","width":"66%"},"cashier_sms_0_1_0_1":{"color":"rgb(186, 186, 186)","image":"local:vertical_line","vertical-align":"middle","width":"1"},"cashier_sms_0_1_0_2":{"align":"right","color":"rgb(0, 170, 255);rgb(0, 170, 255);rgb(217, 217, 217)","margin":"0 0 0 0","size":"24","sms":"true","vertical-align":"middle","width":"160"},"cashier_sms_0_2":{"style":"footerview"},"cashier_sms_0_2_0":{"color":"rgb(255, 255, 255);rgb(255, 255, 255);rgb(204, 204, 204)","image":"local:normal;local:hover;local:disable_gray","margin":"20 10 0 10","size":"24","submit":"true","width":"-1"},"cashier_payee_certificate_0":{},"cashier_payee_certificate_0_1":{"style":"footerview"},"cashier_payee_certificate_0_1_0":{"color":"rgb(0, 0, 0)","margin":"20 20 20 20","size":"24"},"cashier_payee_certificate_0_1_1":{"height":"70","submit":"true","color":"rgb(255, 255, 255);rgb(255, 255, 255);rgb(170, 170, 170)","image":"local:normal;local:hover;local:disable_gray","width":"-1","margin":"0 15 0 15","size":"28"},"cashier_card_detail_0_0":{"style":"headerview"},"cashier_card_detail_0_0_1":{"margin":"20 20 0 20","width":"-1"},"cashier_card_detail_0_0_1_0":{"align":"left","color":"rgb(153, 153, 153)","size":"22"},"cashier_card_detail_0_0_1_1":{"align":"right","color":"rgb(0, 0, 0)","size":"22"},"cashier_card_detail_0_0_2":{"margin":"20 20 0 20","width":"-1"},"cashier_card_detail_0_0_2_0":{"align":"left","color":"rgb(153, 153, 153)","size":"22"},"cashier_card_detail_0_0_2_1":{"align":"right","color":"rgb(0, 0, 0)","size":"22"},"cashier_card_detail_0_0_3":{"height":"1","width":"-1","image":"local:dash_line","margin":"15 0 0 0"},"cashier_card_detail_0_0_4":{"margin":"20 20 0 20","width":"-1"},"cashier_card_detail_0_0_4_0":{"align":"left","color":"rgb(153, 153, 153)","size":"22"},"cashier_card_detail_0_0_4_1":{"align":"right","color":"rgb(0, 0, 0)","size":"22"},"cashier_card_detail_0_0_5":{"margin":"20 20 0 20","width":"-1"},"cashier_card_detail_0_0_5_0":{"align":"left","color":"rgb(153, 153, 153)","size":"22"},"cashier_card_detail_0_0_5_1":{"align":"right","color":"rgb(0, 0, 0)","size":"22"},"cashier_card_detail_0_0_6":{"margin":"20 20 0 20","width":"-1"},"cashier_card_detail_0_0_6_0":{"align":"left","color":"rgb(153, 153, 153)","size":"22"},"cashier_card_detail_0_0_6_1":{"align":"right","color":"rgb(0, 0, 0)","size":"22"},"cashier_card_detail_0_0_7":{"height":"1","width":"-1","image":"local:dash_line","margin":"20 0 0 0"},"cashier_card_detail_0_0_8":{"margin":"20 20 0 20","width":"-1"},"cashier_card_detail_0_0_8_0":{"align":"left","color":"rgb(153, 153, 153)","size":"22"},"cashier_card_detail_0_0_8_1":{"align":"right","color":"rgb(0, 0, 0)","margin":"-2 0 0 0","size":"24"},"cashier_card_detail_0_0_9":{"color":"rgb(255, 255, 255);rgb(255, 255, 255);rgb(170, 170, 170)","image":"local:normal;local:hover;local:disable_gray","height":"70","margin":"20 15 0 15","size":"28","submit":"true","width":"-1"},"cashier_charge_0":{"image":"local:bg"},"cashier_charge_0_0_0":{"height":"1","image":"local:middle_line"},"cashier_charge_0_1":{"height":"55%","overflow":"scroll"},"cashier_charge_0_1_0":{"margin":"10 15 5 15","size":"22"},"cashier_charge_0_1_1":{"image":"local:dash_line","margin":"5 15 5 15"},"cashier_charge_0_1_2":{"margin":"3 15 3 15","width":"-1"},"cashier_charge_0_1_2_0":{"align":"left","color":"rgb(153, 153, 153)","size":"22"},"cashier_charge_0_1_2_1":{"align":"right","color":"rgb(0, 0, 0)","size":"22"},"cashier_charge_0_1_3":{"align":"right","color":"rgb(0, 0, 0)","margin":"3 15 3 15","size":"22"},"cashier_charge_0_1_4":{"image":"local:dash_line","margin":"5 15 5 15"},"cashier_charge_0_1_5":{"margin":"3 15 3 15","width":"-1"},"cashier_charge_0_1_5_0":{"align":"left","color":"rgb(153, 153, 153)","size":"22"},"cashier_charge_0_1_5_1":{"align":"right","color":"rgb(0, 0, 0)","size":"22"},"cashier_charge_0_1_6":{"margin":"3 15 3 15","width":"-1"},"cashier_charge_0_1_6_0":{"align":"left","color":"rgb(153, 153, 153)","size":"22"},"cashier_charge_0_1_6_1":{"align":"right","color":"rgb(0, 0, 0)","size":"22"},"cashier_charge_0_2_0":{"height":"1","image":"local:middle_line"},"cashier_charge_0_3_0":{"height":"94"},"cashier_charge_0_3_0_0":{"color":"rgb(255, 255, 255);rgb(255, 255, 255);rgb(170, 170, 170)","image":"local:normal;local:hover;local:disable_gray","height":"70","margin":"12 15 12 15","size":"28","submit":"true","width":"-1"},"cashier_activity_0_0":{"margin":"30 0 0 0"},"cashier_card_validate_0":{},"cashier_card_validate_0_0":{"height":"54.8%"},"cashier_card_validate_0_0_0":{"align":"center","image":"local:middle_line","height":"1"},"cashier_card_validate_0_0_1":{"margin":"12 30 10 30","align":"center"},"cashier_card_validate_0_0_2":{"image":"local:inputGroup","margin":"0 22 0 22"},"cashier_card_validate_0_0_3":{"align":"left","color":"rgb(153, 153, 153)","margin":"9 30 12 30"},"cashier_card_validate_0_0_4":{"align":"center","image":"local:middle_line","height":"1"},"cashier_card_validate_0_1_0":{"height":"93"},"cashier_card_validate_0_1_0_0":{"color":"rgb(255, 255, 255);rgb(255, 255, 255);rgb(170, 170, 170)","image":"local:normal;local:hover;local:disable_gray","height":"70","margin":"11 15 12 15","size":"28","submit":"true","width":"-1"},"cashier_payment_open_nopwd_full_0_0":{"style":"headerview"},"cashier_payment_open_nopwd_full_0_0_0":{"image":"local:middle_line","height":"1"},"cashier_payment_open_nopwd_full_0_0_1":{"width":"-1"},"cashier_payment_open_nopwd_full_0_0_1_0":{"margin":"9 15 0 10","image":"local:sure"},"cashier_payment_open_nopwd_full_0_0_1_1":{"color":"rgb(0, 0, 0)","size":"18","margin":"10 0 0 0"},"cashier_sms_window_0":{"image":"local:bg"},"cashier_sms_window_0_0_0":{"height":"1","image":"local:middle_line"},"cashier_sms_window_0_1_0":{"color":"rgb(153, 153, 153)","margin":"20 20 0 15","size":"22"},"cashier_sms_window_0_1_1":{"margin":"20 15 20 15"},"cashier_sms_window_0_1_1_0":{"cursor":"true","image":"local:inputGroup","size":"22","width":"60%"},"cashier_sms_window_0_1_1_1":{"color":"rgb(0,0,0);rgb(0,0,0);rgb(170,170,170)","image":"local:normal_second;local:hover_second;local:disable_gray","margin":"0 15 0 0","size":"22","sms":"true","width":"37%","vertical-align":"middle"},"cashier_sms_window_0_2_0":{"height":"1","image":"local:middle_line"},"cashier_sms_window_0_3":{"margin":"20 20 0 20","width":"-1"},"cashier_sms_window_0_3_0_0":{"color":"rgb(255, 255, 255);rgb(255, 255, 255);rgb(170, 170, 170)","image":"local:normal;local:hover;local:disable_gray","height":"70","size":"28","submit":"true","width":"-1"},"cashier_discount_0":{"image":"local:bg"},"cashier_discount_0_0":{"margin":"0 0 10 0","padding":"0 0 0 0"},"cashier_discount_0_0_0":{"image":"local:middle_line","height":"1","padding":"0 0 0 0"},"cashier_discount_0_1":{"height":"53%","overflow":"scroll","margin":"0 0 0 0","padding":"0 20 10 20","size":"10"},"cashier_discount_0_1_0_0":{"align":"left","width":"70%"},"cashier_discount_0_1_0_0_0":{"align":"left","color":"rgb(153, 153, 153)","size":"22"},"cashier_discount_0_1_0_0_1":{"align":"left","color":"rgb(153, 153, 153)","size":"22"},"cashier_discount_0_1_0_1":{"align":"right","vertical-align":"middle","color":"rgb(0, 0, 0)","size":"24"},"cashier_discount_0_1_1":{"image":"local:dash_line","margin":"17 0 2 0"},"cashier_discount_0_1_2":{"margin":"10 0 0 0"},"cashier_discount_0_1_2_0":{"align":"left","margin":"0 0 0 0","padding":"0 0 0 0","size":"22"},"cashier_discount_0_1_2_1":{"align":"right","margin":"0 0 0 0","padding":"0 0 0 0","size":"22"},"cashier_discount_0_1_3":{"margin":"10 0 0 0"},"cashier_discount_0_1_3_0":{"align":"left","margin":"0 0 0 0","padding":"0 0 0 0","size":"22"},"cashier_discount_0_1_3_1":{"align":"right","margin":"0 0 0 0","padding":"0 0 0 0","size":"22"},"cashier_discount_0_1_4":{"image":"local:dash_line","margin":"17 0 2 0","padding":"0 0 0 0"},"cashier_discount_0_1_5":{"margin":"15 0 0 0"},"cashier_discount_0_1_5_0":{"align":"left","margin":"0 0 0 0","padding":"0 0 0 0","size":"22"},"cashier_discount_0_1_5_1":{"align":"right","margin":"0 0 0 0","padding":"0 0 0 0","size":"22"},"cashier_discount_0_2":{"margin":"0 0 10 0","padding":"0 0 0 0"},"cashier_discount_0_2_0":{"image":"local:middle_line","margin":"0 15 0 15","padding":"0 0 0 0","height":"1"},"cashier_discount_0_3":{"margin":"10 15 10 15","padding":"0 0 0 0","size":"10"},"cashier_discount_0_3_0_0":{"align":"left","vertical-align":"middle","margin":"0 0 0 0","padding":"5 0 5 0","size":"22"},"cashier_discount_0_3_0_1":{"align":"right","vertical-align":"middle","margin":"0 0 0 20","padding":"0 0 0 0","size":"30"},"cashier_discount_0_3_0_2":{"align":"right","margin":"10 0 0 0","size":"20"},"cashier_confirm_goods_0":{"image":"local:bg"},"cashier_confirm_goods_0_0_0":{"image":"local:middle_line","height":"1"},"cashier_confirm_goods_0_1":{"height":"55%"},"cashier_confirm_goods_0_1_0":{"height":"-1"},"cashier_confirm_goods_0_1_0_0":{"align":"center","vertical-align":"middle","height":"-2"},"cashier_confirm_goods_0_1_0_0_0":{"align":"center","text-align":"center","size":"30","margin":"0 0 10 0","color":"rgb(0, 0, 0)"},"cashier_confirm_goods_0_1_0_0_1":{"size":"22","align":"center","text-align":"center","margin":"0 0 15 0","color":"rgb(0, 0, 0)"},"cashier_confirm_goods_0_1_0_0_2":{"margin":"0 22 0 22","image":"local:inputGroup"},"cashier_confirm_goods_0_1_0_0_3":{"margin":"0 22 0 22"},"cashier_confirm_goods_0_2_0":{"image":"local:middle_line","height":"1"},"cashier_confirm_goods_0_3":{"margin":"12 22 12 22"},"cashier_confirm_goods_0_3_0_0":{"color":"rgb(0, 0, 0);rgb(0, 0, 0);rgb(170, 170, 170)","image":"local:normal_second;local:hover_second;local:disable_second","padding":"0 0 0 0","size":"28","height":"18%","width":"44%"},"cashier_confirm_goods_0_3_0_1":{"color":"rgb(255, 255, 255);rgb(255, 255, 255);rgb(139, 190, 242)","image":"local:normal;local:hover;local:disable_gray","margin":"0 10 0 0","submit":"true","padding":"0 0 0 0","size":"28","height":"18%","align":"right","width":"44%"},"cashier_confirm_0":{"scroll":"true"},"cashier_confirm_0_0_0":{"color":"rgb(0, 0, 0)","padding":"40 0 40 0","width":"-2","align":"center","size":"50"},"cashier_confirm_0_0_1":{"image":"local:middle_line","height":"1","margin":"0 0 0 0","padding":"0 0 0 0"},"cashier_confirm_0_0_3":{"align":"left","color":"rgb(255, 255, 255)"},"cashier_confirm_0_0_3_0":{"padding":"20 30 15 0","color":"rgb(102, 102, 102)","size":"22"},"cashier_confirm_0_0_3_1":{"color":"rgb(0, 0, 0)","padding":"20 0 15 30","align":"right","vertical-align":"middle","size":"22"},"cashier_confirm_0_0_4":{"align":"left","color":"rgb(255, 255, 255)"},"cashier_confirm_0_0_4_0":{"color":"rgb(102, 102, 102)","padding":"0 30 20 0","size":"22"},"cashier_confirm_0_0_4_1":{"color":"rgb(0, 0, 0)","padding":"0 0 20 30","align":"right","vertical-align":"middle","size":"22"},"cashier_confirm_0_0_6":{"image":"local:middle_line","height":"1","margin":"0 0 0 0","padding":"0 0 0 0"},"cashier_confirm_0_0_7":{"color":"rgb(255, 255, 255);rgb(255, 255, 255);rgb(170, 170, 170)","image":"local:normal;local:hover;local:disable_gray","margin":"20 15 0 15","submit":"true","height":"70","padding":"0 0 0 0","size":"28","width":"-1"},"cashier_setspwd_0":{},"cashier_setspwd_0_0_0":{"margin":"20 0 20 0","align":"center","text-align":"center"},"cashier_setspwd_0_0_1":{"margin":"0 15 20 15"},"cashier_setspwd_0_0_2":{"width":"-2","align":"center","margin":"0 0 0 0"},"cashier_setspwd_0_0_2_0":{"size":"20"},"cashier_setspwd_0_0_2_1":{"size":"20"},"front_switch_channel_0":{"scroll":"true"},"front_switch_channel_0_0":{"margin":"20 0 0 0"},"front_switch_channel_0_0_0":{"height":"90","style":"cell"},"front_switch_channel_0_0_0_0":{"margin":"0 20 0 0","vertical-align":"middle"},"front_switch_channel_0_0_0_0_0_0":{"size":"24"},"front_switch_channel_0_0_0_0_1":{"color":"rgb(153, 153, 153)","margin":"6 0 0 0","size":"20"},"front_switch_channel_0_0_0_1":{"align":"right","margin":"0 0 0 20","color":"rgb(153, 153, 153)","vertical-align":"middle","size":"24"},"recommend_setspwd_0":{"image":"local:bg"},"recommend_setspwd_0_0":{"height":"80%"},"recommend_setspwd_0_0_0":{"image":"local:middle_line","height":"1"},"recommend_setspwd_0_0_1":{"align":"center","width":"-2","margin":"22 0 22 0"},"recommend_setspwd_0_0_1_0":{"vertical-align":"middle","image":"local:sure"},"recommend_setspwd_0_0_1_1":{"size":"30","vertical-align":"middle","margin":"15 10 10 0","color":"rgb(0, 0, 0)"},"recommend_setspwd_0_0_2":{"size":"22","align":"center","margin":"0 40 22 40","color":"rgb(0, 0, 0)"},"recommend_setspwd_0_0_3":{"margin":"0 22 0 22","keyboard":"num"},"recommend_setspwd_repeat_0":{"image":"local:bg"},"recommend_setspwd_repeat_0_0":{"height":"80%"},"recommend_setspwd_repeat_0_0_0":{"image":"local:middle_line","height":"1"},"recommend_setspwd_repeat_0_0_1":{"size":"22","align":"center","margin":"20 20 20 0","color":"rgb(0, 0, 0)"},"recommend_setspwd_repeat_0_0_2":{"margin":"0 22 0 22","keyboard":"num"},"recommend_setspwd_repeat_0_0_3":{"width":"-2","align":"center","margin":"15 0 0 5"},"recommend_setspwd_repeat_0_0_3_0":{"image":"local:sure","vertical-align":"middle"},"recommend_setspwd_repeat_0_0_3_1":{"color":"rgb(0, 0, 0)","size":"20","margin":"0 5 0 0","vertical-align":"middle","text-align":"center"},"recommend_setspwd_repeat_0_0_4":{"image":"local:middle_line","height":"1","margin":"12 0 12 0"},"recommend_setspwd_repeat_0_0_5":{"color":"rgb(255, 255, 255);rgb(255, 255, 255);rgb(170, 170, 170)","image":"local:normal;local:hover;local:disable_gray","submit":"true","height":"70","size":"28","margin":"0 15 12 15"},"cashier_payment_open_nopwd_0":{"image":"local:bg"},"cashier_payment_open_nopwd_0_0":{"height":"70%"},"cashier_payment_open_nopwd_0_0_0":{"align":"center","vertical-align":"middle","width":"-2","margin":"100 0 0 10"},"cashier_payment_open_nopwd_0_0_0_0":{"image":"local:sure"},"cashier_payment_open_nopwd_0_0_0_1":{"color":"rgb(0, 0, 0)","vertical-align":"middle","margin":"0 10 0 0","size":"24"},"cashier_payment_open_nopwd_0_0_1":{"align":"center","width":"-2","margin":"20 10 0 0"},"cashier_payment_open_nopwd_0_0_1_0":{"margin":"0 0 0 0","image":"local:sure"},"cashier_payment_open_nopwd_0_0_1_1":{"color":"rgb(0, 0, 0)","margin":"0 5 0 0","size":"20","vertical-align":"middle"},"cashier_payment_open_nopwd_0_1_0":{"height":"1","image":"local:middle_line","margin":"0 0 20 0"},"cashier_payment_open_nopwd_0_2_0_0":{"color":"rgb(255, 255, 255);rgb(255, 255, 255);rgb(170, 170, 170)","image":"local:normal;local:hover;local:disable_gray","height":"70","margin":"0 15 0 15","size":"28","submit":"true","width":"-1"},"frontpay_cashier_init_0":{"allowBack":"false","image":"local:bg","height":"-2"},"frontpay_cashier_init_0_0_0":{"image":"local:middle_line","height":"1"},"frontpay_cashier_init_0_1":{"height":"-2"},"frontpay_cashier_init_0_1_0":{},"frontpay_cashier_init_0_1_0_0":{"vertical-align":"middle","text-align":"center","align":"center","height":"-2","size":"30"},"frontpay_cashier_init_0_1_0_0_0":{"height":"30%"},"frontpay_cashier_init_0_1_0_0_0_0":{"text-align":"center","vertical-align":"middle","color":"rgb(0, 0, 0)","align":"center","size":"30"},"frontpay_cashier_init_0_1_0_0_1":{"margin":"20 15 20 15","cursor":"true"},"frontpay_cashier_init_0_1_0_0_2":{"margin":"20 15 20 15","cursor":"true"},"frontpay_cashier_init_0_2_0":{"image":"local:middle_line","height":"1"},"frontpay_cashier_init_0_3":{"margin":"12 22 12 22"},"frontpay_cashier_init_0_3_0_0":{"height":"18%","color":"rgb(0, 0, 0);rgb(0, 0, 0);rgb(170, 170, 170)","width":"44%","image":"local:normal_second;local:hover_second;local:disable_second","padding":"0 0 0 0","size":"28"},"frontpay_cashier_init_0_3_0_1":{"submit":"true","width":"44%","align":"right","image":"local:normal;local:hover;local:disable_gray","padding":"0 0 0 0","size":"28","height":"18%","color":"rgb(255, 255, 255);rgb(255, 255, 255);rgb(170, 170, 170)","margin":"0 10 0 0"},"frontpay_limit_query_0":{"scroll":"true"},"frontpay_limit_query_0_0":{"color":"rgb(255, 255, 255)","margin":"0 0 0 0"},"frontpay_limit_query_0_0_0_0":{"padding":"20 15 20 15","image":"local:info"},"frontpay_limit_query_0_0_0_1":{"color":"rgb(0, 0, 0)","padding":"20 0 20 0","size":"22"},"frontpay_limit_query_0_1":{"margin":"20 0 0 0"},"frontpay_limit_query_0_1_0":{"color":"rgb(255, 255, 255)","width":"-1","height":"80","style":"cell"},"frontpay_limit_query_0_1_0_0":{"align":"left","width":"-1","heigth":"-1","vertical-align":"middle","margin":"10 0 10 0","style":"headerview"},"frontpay_limit_query_0_1_0_0_0":{"width":"-2","margin":"0 20 0 0","align":"left","heigth":"-2","vertical-align":"middle"},"frontpay_limit_query_0_1_0_0_0_0":{"color":"rgb(0, 0, 0)","size":"24","vertical-align":"middle"},"frontpay_limit_query_0_1_0_0_1":{"margin":"5 20 0 0","size":"20","color":"rgb(153, 153, 153)","width":"-2","align":"left"},"cashier_pre_confirm_0":{"allowBack":"false","keep-background":"true","exit":"是否放弃付款？"},"cashier_pre_confirm_0_0":{"width":"-1","image":"local:inputGroup","margin":"20 0 20 0"},"cashier_pre_confirm_0_0_0_0":{"align":"center","margin":"20 20 15 20"},"cashier_pre_confirm_0_0_0_0_0":{"color":"rgb(153, 153, 153)","align":"left","size":"22"},"cashier_pre_confirm_0_0_0_0_1":{"color":"rgb(0, 0, 0)","align":"right","margin":"0 100 0 0","size":"22"},"cashier_pre_confirm_0_0_0_1":{"align":"center","margin":"0 15 20 15"},"cashier_pre_confirm_0_0_0_1_0":{"color":"rgb(153, 153, 153)","align":"left","size":"22"},"cashier_pre_confirm_0_0_0_1_1":{"color":"rgb(0, 0, 0)","align":"right","size":"22"},"cashier_pre_confirm_0_1":{"margin":"0 0 0 0"},"cashier_pre_confirm_0_1_0":{"style":"headerview"},"cashier_pre_confirm_0_1_1":{"style":"cell"},"cashier_pre_confirm_0_1_1_0_0":{"align":"center","margin":"20 15 20 15"},"cashier_pre_confirm_0_1_1_0_0_0":{"vertical-align":"middle","color":"rgb(153, 153, 153)","align":"left","size":"22"},"cashier_pre_confirm_0_1_1_0_0_1":{"vertical-align":"middle","color":"rgb(0, 0, 0)","align":"right","margin":"0 0 0 30","size":"22"},"cashier_pre_confirm_0_1_1_0_0_2":{"vertical-align":"middle","align":"right","image":"local:unfold"},"cashier_pre_confirm_0_1_1_1_0":{"align":"center"},"cashier_pre_confirm_0_1_1_1_0_0":{"padding":"15 0 15 0"},"cashier_pre_confirm_0_1_1_1_0_0_0":{},"cashier_pre_confirm_0_1_1_1_0_0_1":{"margin":"5 15 5 15"},"cashier_pre_confirm_0_1_1_1_0_0_1_0":{"color":"rgb(153, 153, 153)","align":"left","size":"22"},"cashier_pre_confirm_0_1_1_1_0_0_1_1":{"color":"rgb(0, 0, 0)","align":"right","size":"22"},"cashier_pre_confirm_0_1_1_1_0_0_2":{},"cashier_pre_confirm_0_1_1_1_0_0_2_0":{"color":"rgb(153, 153, 153)","align":"left","size":"22"},"cashier_pre_confirm_0_1_1_1_0_0_2_1":{"color":"rgb(0, 0, 0)","align":"right","size":"22"},"cashier_pre_confirm_0_1_1_1_0_0_3":{"height":"11"},"cashier_pre_confirm_0_1_2":{"style":"cell","align":"center"},"cashier_pre_confirm_0_1_2_0":{"padding":"15 0 15 0"},"cashier_pre_confirm_0_1_2_0_0":{"height":"11"},"cashier_pre_confirm_0_1_2_0_1":{"align":"center","margin":"5 15 5 15"},"cashier_pre_confirm_0_1_2_0_1_0":{"color":"rgb(153, 153, 153)","align":"left","size":"22"},"cashier_pre_confirm_0_1_2_0_1_1":{"color":"rgb(0, 0, 0)","align":"right","size":"22"},"cashier_pre_confirm_0_1_2_0_2":{"align":"center","margin":"5 15 5 15"},"cashier_pre_confirm_0_1_2_0_2_0":{"color":"rgb(153, 153, 153)","align":"left","size":"22"},"cashier_pre_confirm_0_1_2_0_2_1":{"color":"rgb(0, 0, 0)","align":"right","size":"22"},"cashier_pre_confirm_0_1_2_0_3":{"height":"11"},"cashier_pre_confirm_0_1_3":{"style":"cell","align":"center","padding":"10 0 10 0"},"cashier_pre_confirm_0_1_3_0":{"vertical-align":"middle","color":"rgb(153, 153, 153)","align":"left","size":"22"},"cashier_pre_confirm_0_1_3_1":{"vertical-align":"middle","color":"rgb(0, 0, 0)","align":"right","margin":"0 0 0 30","size":"35"},"cashier_pre_confirm_0_1_3_2":{"vertical-align":"middle","color":"rgb(0, 0, 0)","align":"right","size":"22"},"cashier_pre_confirm_0_1_4":{"color":"rgb(254, 254, 201)","padding":"0 0 0 0"},"cashier_pre_confirm_0_1_4_0":{"align":"left","color":"rgb(255, 102, 2)","size":"22"},"cashier_pre_confirm_0_2":{"style":"footerview"},"cashier_pre_confirm_0_2_0":{"height":"70","submit":"true","color":"rgb(255, 255, 255);rgb(255, 255, 255);rgb(170, 170, 170)","width":"-1","image":"local:normal;local:hover;local:disable","margin":"20 20 0 20","size":"28"},"cashier_pre_confirm_0_2_1":{"color":"rgb(153, 153, 153)","margin":"20 15 0 15","size":"22"},"cashier_pre_confirm_0_2_2":{"margin":"25 15 0 0"},"cashier_pre_confirm_0_2_2_0":{"image":"local:check;local:check_selected;local:check_disable","margin":"0 0 0 0","padding":"0 0 0 0","must":"false"},"cashier_pre_confirm_0_2_2_1":{"color":"rgb(153, 153, 153)","margin":"0 8 0 0","size":"20"},"cashier_pre_confirm_0_2_2_2":{"color":"rgb(0, 170, 255)","size":"20"},"cashier_pre_confirm_0_2_3":{"color":"rgb(153, 153, 153)","size":"20","margin":"10 15 0 0"},"open_pwd_check_0":{"height":"auto","image":"local:bg"},"open_pwd_check_0_small":{"height":"auto","image":"local:bg"},"open_pwd_check_0_0_0":{"image":"local:middle_line","height":"1"},"open_pwd_check_0_0_1":{"margin":"20 23 0 23","color":"rgb(51, 51, 51)","align":"center"},"open_pwd_check_0_0_2":{"image":"local:inputGroup","margin":"20 23 0 23"},"open_pwd_check_0_0_3":{"image":"local:minpwd","margin":"20 23 0 23"},"open_pwd_check_0_1":{"margin":"20 23 20 23"},"open_pwd_check_0_1_0_0":{"height":"18%","color":"rgb(0, 0, 0);rgb(0, 0, 0);rgb(170, 170, 170)","width":"44%","image":"local:normal_second;local:hover_second;local:disable_second","padding":"0 0 0 0","size":"28"},"open_pwd_check_0_1_0_1":{"submit":"true","width":"44%","align":"right","color":"rgb(255, 255, 255);rgb(255, 255, 255);rgb(139, 190, 242)","image":"local:normal;local:hover;local:disable_blue","padding":"0 0 0 0","size":"28","height":"18%","margin":"0 10 0 0"},"cashier_second_confirm_0":{"allowBack":"false","image":"local:bg","exit":"是否放弃付款？"},"cashier_second_confirm_0_0":{"height":"56%"},"cashier_second_confirm_0_0_0_0_0":{"image":"local:middle_line","height":"1"},"cashier_second_confirm_0_0_0_0_1":{"height":"30%"},"cashier_second_confirm_0_0_0_0_1_0":{"vertical-align":"middle","align":"left","margin":"0 22 0 70"},"cashier_second_confirm_0_0_0_0_1_0_0":{"margin":"0 0 0 0","size":"22"},"cashier_second_confirm_0_0_0_0_1_0_1":{"color":"rgb(255, 98, 5)"},"cashier_second_confirm_0_0_0_0_1_1":{"vertical-align":"middle","align":"right","image":"local:red_dot","margin":"0 0 0 50"},"cashier_second_confirm_0_0_0_0_1_2":{"vertical-align":"middle","align":"right","image":"local:goto","margin":"0 0 0 30"},"cashier_second_confirm_0_0_0_0_2":{"image":"local:middle_line","height":"1"},"cashier_second_confirm_0_0_1_0_0":{"margin":"14 15 0 15","cursor":"true"},"cashier_second_confirm_0_0_1_0_1":{"margin":"14 15 0 15","cursor":"true"},"cashier_second_confirm_0_1":{"margin":"12 22 12 22"},"cashier_second_confirm_0_1_0_0":{"height":"18%","color":"rgb(0, 0, 0);rgb(0, 0, 0);rgb(170, 170, 170)","width":"44%","image":"local:normal_second;local:hover_second;local:disable_second","padding":"0 0 0 0","size":"28"},"cashier_second_confirm_0_1_0_1":{"submit":"true","width":"44%","align":"right","color":"rgb(255, 255, 255);rgb(255, 255, 255);rgb(139, 190, 242)","image":"local:normal;local:hover;local:disable_blue","padding":"0 0 0 0","size":"28","height":"18%","margin":"0 10 0 0"},"public_service_confirm_0":{"allowBack":"false","keep-background":"true","exit":"是否放弃付款？"},"public_service_confirm_0_0":{"margin":"20 15 0 15","image":"local:inputGroup"},"public_service_confirm_0_0_0":{"align":"center","padding":"20 15 20 20"},"public_service_confirm_0_0_0_0":{"align":"left","filter":"corner(4)","width":"48","height":"48","vertical-align":"middle"},"public_service_confirm_0_0_0_1":{"color":"rgb(0, 0, 0)","margin":"0 15 0 0","size":"22","vertical-align":"middle"},"public_service_confirm_0_1":{"width":"-1","image":"local:inputGroup","margin":"20 15 20 15"},"public_service_confirm_0_1_0":{"style":"headerview"},"public_service_confirm_0_1_1_0":{"align":"center","margin":"20 15 15 15"},"public_service_confirm_0_1_1_0_0":{"color":"rgb(153, 153, 153)","align":"left","size":"22"},"public_service_confirm_0_1_1_0_1":{"color":"rgb(0, 0, 0)","align":"right","margin":"0 100 0 0","size":"22"},"public_service_confirm_0_1_1_1":{"align":"center","margin":"0 15 20 15"},"public_service_confirm_0_1_1_1_0":{"color":"rgb(153, 153, 153)","align":"left","size":"22"},"public_service_confirm_0_1_1_1_1":{"color":"rgb(0, 0, 0)","align":"right","size":"22"},"public_service_confirm_0_2":{"margin":"0 15 0 15"},"public_service_confirm_0_2_0":{"style":"headerview"},"public_service_confirm_0_2_1":{"style":"cell"},"public_service_confirm_0_2_1_0_0":{"align":"center","margin":"20 15 20 15"},"public_service_confirm_0_2_1_0_0_0":{"vertical-align":"middle","color":"rgb(153, 153, 153)","align":"left","size":"22"},"public_service_confirm_0_2_1_0_0_1":{"vertical-align":"middle","color":"rgb(0, 0, 0)","align":"right","margin":"0 0 0 30","size":"22"},"public_service_confirm_0_2_1_0_0_2":{"vertical-align":"middle","align":"right","image":"local:unfold"},"public_service_confirm_0_2_1_1_0":{"align":"center"},"public_service_confirm_0_2_1_1_0_0":{"padding":"15 0 15 0"},"public_service_confirm_0_2_1_1_0_0_1":{"margin":"5 15 5 15"},"public_service_confirm_0_2_1_1_0_0_1_0":{"color":"rgb(153, 153, 153)","align":"left","size":"22"},"public_service_confirm_0_2_1_1_0_0_1_1":{"color":"rgb(0, 0, 0)","align":"right","size":"22"},"public_service_confirm_0_2_1_1_0_0_2":{},"public_service_confirm_0_2_1_1_0_0_2_0":{"color":"rgb(153, 153, 153)","align":"left","size":"22"},"public_service_confirm_0_2_1_1_0_0_2_1":{"color":"rgb(0, 0, 0)","align":"right","size":"22"},"public_service_confirm_0_2_2":{"style":"cell","align":"center"},"public_service_confirm_0_2_2_0":{"padding":"15 0 15 0"},"public_service_confirm_0_2_2_0_1":{"align":"center","margin":"5 15 5 15"},"public_service_confirm_0_2_2_0_1_0":{"color":"rgb(153, 153, 153)","align":"left","size":"22"},"public_service_confirm_0_2_2_0_1_1":{"color":"rgb(0, 0, 0)","align":"right","size":"22"},"public_service_confirm_0_2_2_0_2":{"align":"center","margin":"5 15 5 15"},"public_service_confirm_0_2_2_0_2_0":{"color":"rgb(153, 153, 153)","align":"left","size":"22"},"public_service_confirm_0_2_2_0_2_1":{"color":"rgb(0, 0, 0)","align":"right","size":"22"},"public_service_confirm_0_2_3":{"style":"cell","align":"center","padding":"10 15 10 15"},"public_service_confirm_0_2_3_0":{"vertical-align":"middle","color":"rgb(153, 153, 153)","align":"left","size":"22"},"public_service_confirm_0_2_3_1":{"vertical-align":"middle","color":"rgb(0, 0, 0)","align":"right","margin":"0 0 0 30","size":"22"},"public_service_confirm_0_2_3_2":{"vertical-align":"middle","color":"rgb(0, 0, 0)","align":"right","size":"22"},"public_service_confirm_0_2_3_3":{"vertical-align":"middle","color":"rgb(0, 0, 0)","align":"right","margin":"0 0 0 30","size":"35"},"public_service_confirm_0_2_4":{"color":"rgb(254, 254, 201)","padding":"0 0 0 0"},"public_service_confirm_0_2_4_0":{"align":"left","color":"rgb(255, 102, 2)","size":"22"},"public_service_confirm_0_3":{"style":"footerview"},"public_service_confirm_0_3_0":{"height":"70","submit":"true","color":"rgb(255, 255, 255);rgb(255, 255, 255);rgb(170, 170, 170)","width":"-1","image":"local:normal;local:hover;local:disable","margin":"20 15 0 15","size":"28"},"public_service_confirm_0_3_1":{"color":"rgb(153, 153, 153)","margin":"20 15 0 15","size":"22"},"public_service_confirm_select_0":{"allowBack":"false","keep-background":"true","exit":"是否放弃付款？"},"public_service_confirm_select_0_0":{"margin":"20 0 0 0","image":"local:inputGroup"},"public_service_confirm_select_0_0_0":{"align":"center","padding":"20 15 20 20"},"public_service_confirm_select_0_0_0_0":{"align":"left","filter":"corner(4)","width":"48","height":"48","vertical-align":"middle"},"public_service_confirm_select_0_0_0_1":{"color":"rgb(0, 0, 0)","margin":"0 15 0 0","size":"22","vertical-align":"middle"},"public_service_confirm_select_0_1":{"width":"-1","image":"local:inputGroup","margin":"20 0 20 0"},"public_service_confirm_select_0_1_0":{"style":"headerview"},"public_service_confirm_select_0_1_1_0":{"align":"center","margin":"20 15 15 15"},"public_service_confirm_select_0_1_1_0_0":{"color":"rgb(153, 153, 153)","align":"left","size":"22"},"public_service_confirm_select_0_1_1_0_1":{"color":"rgb(0, 0, 0)","align":"right","margin":"0 100 0 0","size":"22"},"public_service_confirm_select_0_1_1_1":{"align":"center","margin":"0 15 20 15"},"public_service_confirm_select_0_1_1_1_0":{"color":"rgb(153, 153, 153)","align":"left","size":"22"},"public_service_confirm_select_0_1_1_1_1":{"color":"rgb(0, 0, 0)","align":"right","size":"22"},"public_service_confirm_select_0_2":{"margin":"0 0 0 0"},"public_service_confirm_select_0_2_0":{"style":"headerview"},"public_service_confirm_select_0_2_1":{"padding":"0 0 0 0","style":"cell"},"public_service_confirm_select_0_2_1_0":{"align":"center","margin":"10 5 10 15"},"public_service_confirm_select_0_2_1_0_0":{"_class":"fund","align":"left","image":"local:uncheck_channal;local:check_channal;local:check_channal","vertical-align":"middle","must":"false","size":"48","padding":"16"},"public_service_confirm_select_0_2_1_0_1":{"align":"left","color":"rgb(153, 153, 153)","margin":"0 50 0 0","size":"22","vertical-align":"middle"},"public_service_confirm_select_0_2_1_0_2":{"_class":"fundlabel","align":"right","color":"rgb(0, 0, 0)","margin":"0 0 0 0","size":"22","vertical-align":"middle"},"public_service_confirm_select_0_2_1_1":{"image":"local:middle_line","height":"1"},"public_service_confirm_select_0_2_1_2":{"align":"center","margin":"10 5 10 15"},"public_service_confirm_select_0_2_1_2_0":{"_class":"fund","align":"left","image":"local:uncheck_channal;local:check_channal;local:check_channal","vertical-align":"middle","must":"false","size":"48","padding":"16"},"public_service_confirm_select_0_2_1_2_1":{"align":"left","color":"rgb(153, 153, 153)","margin":"0 50 0 0","size":"22","vertical-align":"middle"},"public_service_confirm_select_0_2_1_2_2":{"_class":"fundlabel","align":"right","color":"rgb(0, 0, 0)","size":"22","vertical-align":"middle"},"public_service_confirm_select_0_2_2":{"style":"cell"},"public_service_confirm_select_0_2_2_0_0":{"align":"center","margin":"20 15 20 15"},"public_service_confirm_select_0_2_2_0_0_0":{"vertical-align":"middle","color":"rgb(153, 153, 153)","align":"left","size":"22"},"public_service_confirm_select_0_2_2_0_0_1":{"vertical-align":"middle","color":"rgb(0, 0, 0)","align":"right","margin":"0 0 0 30","size":"22"},"public_service_confirm_select_0_2_2_0_0_2":{"vertical-align":"middle","align":"right","image":"local:unfold"},"public_service_confirm_select_0_2_2_1_0":{"align":"center"},"public_service_confirm_select_0_2_2_1_0_0":{"padding":"15 0 15 0"},"public_service_confirm_select_0_2_2_1_0_0_1":{"margin":"5 15 5 15"},"public_service_confirm_select_0_2_2_1_0_0_1_0":{"color":"rgb(153, 153, 153)","align":"left","size":"22"},"public_service_confirm_select_0_2_2_1_0_0_1_1":{"color":"rgb(0, 0, 0)","align":"right","size":"22"},"public_service_confirm_select_0_2_2_1_0_0_2":{},"public_service_confirm_select_0_2_2_1_0_0_2_0":{"color":"rgb(153, 153, 153)","align":"left","size":"22"},"public_service_confirm_select_0_2_2_1_0_0_2_1":{"color":"rgb(0, 0, 0)","align":"right","size":"22"},"public_service_confirm_select_0_2_3":{"style":"cell","align":"center"},"public_service_confirm_select_0_2_3_0":{"padding":"15 0 15 0"},"public_service_confirm_select_0_2_3_0_1":{"align":"center","margin":"5 15 5 15"},"public_service_confirm_select_0_2_3_0_1_0":{"color":"rgb(153, 153, 153)","align":"left","size":"22"},"public_service_confirm_select_0_2_3_0_1_1":{"color":"rgb(0, 0, 0)","align":"right","size":"22"},"public_service_confirm_select_0_2_3_0_2":{"align":"center","margin":"5 15 5 15"},"public_service_confirm_select_0_2_3_0_2_0":{"color":"rgb(153, 153, 153)","align":"left","size":"22"},"public_service_confirm_select_0_2_3_0_2_1":{"color":"rgb(0, 0, 0)","align":"right","size":"22"},"public_service_confirm_select_0_2_4":{"style":"cell","align":"center","padding":"10 15 10 15"},"public_service_confirm_select_0_2_4_0":{"vertical-align":"middle","color":"rgb(153, 153, 153)","align":"left","size":"22"},"public_service_confirm_select_0_2_4_1":{"vertical-align":"middle","color":"rgb(0, 0, 0)","align":"right","margin":"0 0 0 30","size":"22"},"public_service_confirm_select_0_2_4_2":{"vertical-align":"middle","color":"rgb(0, 0, 0)","align":"right","size":"22"},"public_service_confirm_select_0_2_4_3":{"vertical-align":"middle","color":"rgb(0, 0, 0)","align":"right","margin":"0 0 0 30","size":"35"},"public_service_confirm_select_0_2_5":{"color":"rgb(254, 254, 201)","padding":"0 0 0 0"},"public_service_confirm_select_0_2_5_0":{"align":"left","color":"rgb(255, 102, 2)","size":"22"},"public_service_confirm_select_0_3":{"style":"footerview"},"public_service_confirm_select_0_3_0":{"height":"70","submit":"true","color":"rgb(255, 255, 255);rgb(255, 255, 255);rgb(170, 170, 170)","width":"-1","image":"local:normal;local:hover;local:disable","margin":"20 15 0 15","size":"28"},"public_service_confirm_select_0_3_1":{"color":"rgb(153, 153, 153)","margin":"20 15 0 15","size":"22"},"setting_home_0":{"direction":"vertical","height":"auto","image":"local:bg"},"setting_home_0_0":{"style":"headerview"},"setting_home_0_1_0":{"margin":"20 0 20 0","style":"cell","height":"65"},"setting_home_0_1_0_0":{"margin":"0 15 0 0","size":"24","vertical-align":"middle"},"setting_home_0_1_0_1":{"align":"right","image":"local:goto","margin":"0 0 0 15","vertical-align":"middle"},"setting_home_0_1_1":{"style":"footerview"},"setting_home_0_2_0":{"margin":"0 0 0 0","style":"cell","height":"65"},"setting_home_0_2_0_0":{"margin":"0 15 0 0","size":"24","vertical-align":"middle"},"setting_home_0_2_0_1":{"align":"right","margin":"0 0 0 45","size":"24","vertical-align":"middle"},"setting_home_0_2_0_2":{"align":"right","image":"local:goto","margin":"0 0 0 15","vertical-align":"middle"},"setting_home_0_2_1":{"color":"rgb(153, 153, 153)","margin":"6 15 0 0","size":"21","style":"footerview"},"setting_home_0_3_0":{"margin":"20 0 0 0","style":"cell","height":"65"},"setting_home_0_3_0_0":{"margin":"0 15 0 0","size":"24","vertical-align":"middle"},"setting_home_0_3_0_1":{"align":"right","margin":"0 0 0 15","vertical-align":"middle","width":"105","height":"45"},"setting_home_0_3_1":{"height":"0","style":"footerview"},"setting_home_0_4":{"style":"footerview"},"setting_home_0_4_0":{"margin":"9 15 0 30","color":"rgb(153, 153, 153)","size":"21"},"setting_nopwd_0":{"direction":"vertical","height":"auto","image":"local:bg","width":"90%"},"setting_nopwd_0_0":{"height":"15","style":"headerview","width":"320"},"setting_nopwd_0_1":{"margin":"15 0 0 0"},"setting_nopwd_0_1_0":{"margin":"0 0 0 0","width":"-1","height":"80","style":"cell"},"setting_nopwd_0_1_0_0":{"margin":"0 15 0 0","size":"24","vertical-align":"middle"},"setting_nopwd_0_1_0_1":{"align":"right","default":"false","margin":"0 0 0 15","width":"105","height":"45","vertical-align":"middle"},"setting_nopwd_0_1_1":{"width":"-1","height":"120","margin":"0 0 0 0","style":"cell"},"setting_nopwd_0_2":{"style":"footerview"},"setting_nopwd_0_2_0":{"color":"rgb(153, 153, 153)","margin":"15 15 0 30","size":"21"},"setting_channel_0":{"scroll":"true"},"setting_channel_0_0_0":{"style":"headerview","color":"rgb(153, 153, 153)","margin":"15 30 5 0","size":"21"},"setting_channel_0_0_1":{"style":"cell","margin":"15 0 0 0","height":"65"},"setting_channel_0_0_2":{"height":"0"},"setting_channel_0_0_1_0":{"vertical-align":"middle","color":"rgb(0, 0, 0)","margin":"0 15 0 0","size":"24"},"setting_channel_0_0_1_1":{"vertical-align":"middle","default":"true","height":"45","align":"right","width":"105","margin":"0 0 0 15"},"setting_channel_0_1":{"edit":"true","margin":"0 0 0 0"},"setting_channel_0_1_0":{"height":"65","style":"cell","margin":"0 0 0 0"},"setting_channel_0_1_0_0":{"vertical-align":"middle","color":"rgb(0, 0, 0)","margin":"0 15 0 0","size":"24"},"setting_channel_0_2":{"margin":"0 0 20 0"},"setting_channel_0_2_0":{"style":"headerview","color":"rgb(102, 102, 102)","margin":"7 15 20 0","size":"21"},"setting_channel_0_2_1":{"height":"65","margin":"0 0 0 0","style":"cell"},"setting_channel_0_2_1_0":{"color":"rgb(0, 0, 0)","margin":"0 15 0 0","size":"24","vertical-align":"middle"},"setting_channel_0_2_1_1":{"align":"right","color":"rgb(153, 153, 153)","margin":"0 0 0 15","size":"24","vertical-align":"middle","width":"105","height":"45"},"setting_channel_0_2_2":{"height":"65","style":"cell","margin":"0 0 0 0"},"setting_channel_0_2_2_0":{"vertical-align":"middle","color":"rgb(0, 0, 0)","margin":"0 15 0 0","size":"24"},"setting_channel_0_2_2_1":{"vertical-align":"middle","default":"false","height":"35","align":"right","width":"95","margin":"0 0 0 15","size":"22","color":"rgb(102, 102, 102)"},"setting_channel_0_2_3":{"color":"rgb(153, 153, 153)","padding":"10 30 5 0","size":"21","style":"footerview"},"cashier_complete_payment_pwd_0":{"allowBack":"true"},"cashier_complete_payment_pwd_0_0":{"height":"85","style":"headerview","width":"-1"},"cashier_complete_payment_pwd_0_0_0":{"color":"rgb(255, 255, 255)","height":"84","width":"-1"},"cashier_complete_payment_pwd_0_0_0_0":{"align":"left","vertical-align":"middle","image":"local:info","margin":"0 15 0 15"},"cashier_complete_payment_pwd_0_0_0_1":{"color":"rgb(51, 51, 51)","size":"22","vertical-align":"middle","margin":"0 0 0 15"},"cashier_complete_payment_pwd_0_0_1":{"height":"1","image":"local:middle_line"},"cashier_complete_payment_pwd_0_1_0":{"align":"left","color":"rgb(0, 0, 0)","margin":"20 0 0 0","size":"22","width":"-1","format":"^.{6,20}$","format_msg":"密码长度必须为6-20位"},"cashier_complete_payment_pwd_0_1_1":{"color":"rgb(170, 170, 170)","margin":"10 20 0 0","size":"22","align":"left","underline":"false"},"cashier_complete_payment_pwd_0_2":{"style":"footerview"},"cashier_complete_payment_pwd_0_2_0":{"color":"rgb(255, 255, 255);rgb(255, 255, 255);rgb(170, 170, 170)","image":"local:normal;local:hover;local:disable","height":"70","margin":"20 20 0 20","size":"28","submit":"true","width":"-1"},"select_country_and_area_0":{"scroll":"true"},"select_country_and_area_0_0":{"margin":"20 0 20 0"},"select_country_and_area_0_0_0":{"color":"rgb(255, 255, 255)","width":"-1","height":"80","style":"cell"},"select_country_and_area_0_0_0_0":{"color":"rgb(0, 0, 0)","margin":"0 20 0 0","size":"24","vertical-align":"middle"},"select_country_and_area_0_0_0_1":{"align":"right","color":"rgb(153, 153, 153)","margin":"0 0 0 20","size":"24","vertical-align":"middle"},"select_country_and_area_enhance_0_0":{"style":"headerview","width":"-1","height":"-1"},"select_country_and_area_enhance_0_0_0":{},"setting_myalipay_payment_0":{"allowBack":"true","needOnback":"true","scroll":"true","direction":"vertical","exit":"是否退出我的支付宝？","height":"auto","image":"local:bg","width":"90%"},"setting_myalipay_payment_0_0":{"style":"titleView"},"setting_myalipay_payment_0_0_0":{"height":"76","image":"local:page_title","padding":"15 15 0 15","vertical-align":"middle"},"setting_myalipay_payment_0_0_0_0":{"align":"left","image":"local:back","margin":"0 -15 0 0","padding":"20 20 20 20","vertical-align":"middle"},"setting_myalipay_payment_0_0_0_1":{"align":"center","height":"-2","size":"24","vertical-align":"middle","width":"150"},"setting_myalipay_payment_0_0_0_1_0":{"align":"center","color":"rgb(255, 255, 255)","margin":"0 0 0 0","size":"24"},"setting_myalipay_payment_0_0_0_1_1":{"align":"center","color":"rgb(153, 153, 153)","margin":"3 0 0 0","size":"16"},"setting_myalipay_payment_0_0_0_2":{"align":"right","color":"rgb(153, 153, 153)","margin":"0 15 0 0","padding":"20 20 20 20","size":"15"},"setting_myalipay_payment_0_1_0":{"align":"left","height":"120","margin":"20 15 20 15","style":"cell","vertical-align":"middle"},"setting_myalipay_payment_0_1_0_0":{"align":"left","width":"80","height":"80","filter":"corner(10)","margin":"0 15 0 0","vertical-align":"middle"},"setting_myalipay_payment_0_1_0_1":{"margin":"0 15 0 0","vertical-align":"middle"},"setting_myalipay_payment_0_1_0_1_0":{"color":"rgb(0, 0, 0)","size":"24","margin":"0 0 9 10"},"setting_myalipay_payment_0_1_0_1_1":{"color":"rgb(153, 153, 153)","size":"20"},"setting_myalipay_payment_0_2":{"align":"left","padding":"0 15 0 15"},"setting_myalipay_payment_0_2_0":{"align":"left","color":"rgb(153, 153, 153)","size":"22","margin":"0 10 9 0","style":"headerview","vertical-align":"middle"},"setting_myalipay_payment_0_2_1":{"style":"cell","padding":"0 15 0 15","height":"80"},"setting_myalipay_payment_0_2_1_0":{"align":"left","size":"24","vertical-align":"middle"},"setting_myalipay_payment_0_2_1_1":{"align":"right","image":"local:goto","vertical-align":"middle"},"setting_myalipay_payment_0_2_2":{"style":"cell","padding":"0 15 0 15","height":"80"},"setting_myalipay_payment_0_2_2_0":{"size":"24","vertical-align":"middle"},"setting_myalipay_payment_0_2_2_1":{"align":"right","image":"local:goto","vertical-align":"middle"},"setting_all_cards_0_0":{"content":"bottom","align":"center","margin":"0 0 30 0","style":"footerview"},"setting_all_cards_0_0_0":{"margin":"0 0 10 0","color":"rgb(153, 153, 153)","align":"center","size":"22"},"setting_all_cards_0_0_1":{"vertical-align":"middle","image":"local:insurance","margin":"0 10 10 0"},"setting_all_cards_0":{"allowBack":"true","scroll":"true"},"setting_all_cards_0_1":{"margin":"15 15 0 15"},"setting_all_cards_0_1_0":{"color":"rgb(153, 153, 153)","size":"22","margin":"5 0 9 0","style":"headerview"},"setting_all_cards_0_1_1":{"style":"cell","height":"90"},"setting_all_cards_0_1_1_0":{"align":"left","filter":"corner(10)","margin":"10 10 10 10","height":"70","width":"70","vertical-align":"middle"},"setting_all_cards_0_1_1_1":{"vertical-align":"middle"},"setting_all_cards_0_1_1_1_0":{"color":"rgb(0, 0, 0)","size":"22"},"setting_all_cards_0_1_1_1_1":{"color":"rgb(153, 153, 153)","size":"22"},"setting_all_cards_0_1_1_2":{"align":"right","image":"local:goto","margin":"0 0 0 15","vertical-align":"middle"},"setting_all_cards_0_2":{"margin":"15 15 15 15"},"setting_all_cards_0_2_0":{"color":"rgb(153, 153, 153)","size":"22","margin":"0 0 9 0","style":"headerview"},"setting_all_cards_0_2_1":{"style":"cell","height":"90"},"setting_all_cards_0_2_1_0":{"align":"left","filter":"corner(23)","margin":"10 10 10 10","height":"70","width":"70","vertical-align":"middle"},"setting_all_cards_0_2_1_1":{"vertical-align":"middle"},"setting_all_cards_0_2_1_1_0":{"color":"rgb(0, 0, 0)","margin":"0 0 6 0","size":"22"},"setting_all_cards_0_2_1_1_1":{"color":"rgb(153, 153, 153)","size":"22"},"setting_all_cards_0_2_1_2":{"align":"right","image":"local:goto","margin":"0 0 0 15","vertical-align":"middle"},"setting_all_cards_0_3":{"margin":"0 0 10 0","color":"rgb(153, 153, 153)","align":"center","size":"22"},"setting_all_cards_0_3_1":{"style":"footerview"},"setting_card_limit_0":{"allowBack":"true","scroll":"true"},"setting_card_limit_0_1":{"margin":"15 15 15 15"},"setting_card_limit_0_1_0":{"color":"rgb(0, 0, 0)","margin":"0 0 15 0","size":"22","style":"headerview"},"setting_card_limit_0_1_1":{"style":"cell","height":"80"},"setting_card_limit_0_1_1_0":{"align":"left","margin":"0 15 0 0","size":"22","vertical-align":"middle"},"setting_card_limit_0_1_1_1":{"align":"right","margin":"0 0 0 15","size":"22","vertical-align":"middle"},"setting_card_limit_0_1_2":{"style":"cell","height":"80"},"setting_card_limit_0_1_2_0":{"align":"left","margin":"0 15 0 0","size":"22","vertical-align":"middle"},"setting_card_limit_0_1_2_1":{"align":"right","margin":"0 0 0 15","size":"22","vertical-align":"middle"},"setting_card_limit_0_2":{"style":"footerview","width":"-1","content":"bottom"},"setting_card_limit_0_2_0":{"align":"center","width":"-2","margin":"0 0 10 0"},"setting_card_limit_0_2_0_0":{"color":"rgb(153, 153, 153)","padding":"0 0 0 0","size":"22"},"setting_card_limit_0_2_0_1":{"color":"rgb(0, 0, 153)","padding":"0 0 0 0","size":"22"},"setting_unbinding_pwd_0":{"allowBack":"true","direction":"vertical","exit":"是否放弃付款？","height":"auto","image":"local:bg","width":"90%"},"setting_unbinding_pwd_0_1":{"style":"headerview"},"setting_unbinding_pwd_0_1_0":{"align":"center","color":"rgb(0, 0, 0)","margin":"15 15 15 15","size":"22"},"setting_unbinding_pwd_0_1_1":{"align":"center","color":"rgb(0, 0, 0)","margin":"15 15 15 15","size":"26"},"setting_unbinding_pwd_0_2_0":{"cursor":"true","margin":"0 15 0 15","size":"22","style":"cell"},"setting_unbinding_pwd_0_2_1":{"image":"local:minipwd_big","margin":"0 15 10 15"},"setting_unbinding_pwd_0_2_2":{"height":"0","style":"footerview"},"setting_unbinding_pwd_0_3":{"style":"footerview"},"setting_unbinding_pwd_0_3_0":{"color":"rgb(255, 255, 255);rgb(255, 255, 255);rgb(170, 170, 170)","image":"local:normal;local:hover;local:disable","height":"70","margin":"20 15 0 15","size":"28","submit":"true","width":"-1"},"setting_no_cards_0_1":{"style":"headerview"},"setting_no_cards_0_1_0":{"align":"center","image":"local:bindcard","margin":"140 0 50 0","height":"280","width":"280"},"setting_no_cards_0_1_1":{"align":"center","color":"rgb(153, 153, 153)","margin":"0 0 50 0","size":"24"},"setting_no_cards_0_1_2":{"color":"rgb(255, 255, 255);rgb(255, 255, 255);rgb(204, 204, 204)","height":"70","image":"local:normal;local:hover;local:disable_gray","margin":"0 20 0 20","size":"28","submit":"true"},"open_web_view_0":{"allowBack":"true","direction":"vertical","exit":"是否放弃付款？","height":"auto","image":"local:bg","width":"90%"},"open_web_view_0_0":{"style":"headerview"},"open_web_view_0_0_0":{"height":"-1","width":"-1"},"cashier_pre_confirm_select_0_0":{"margin":"20 0 20 0","image":"local:inputGroup","width":"-1"},"cashier_pre_confirm_select_0_0_0":{"style":"headerview"},"cashier_pre_confirm_select_0_0_1_0":{"margin":"20 15 15 15","align":"center"},"cashier_pre_confirm_select_0_0_1_0_0":{"color":"rgb(153, 153, 153)","align":"left","size":"22"},"cashier_pre_confirm_select_0_0_1_0_1":{"margin":"0 100 0 0","color":"rgb(0, 0, 0)","align":"right","size":"22"},"cashier_pre_confirm_select_0_0_1_1":{"margin":"0 15 20 15","align":"center"},"cashier_pre_confirm_select_0_0_1_1_0":{"color":"rgb(153, 153, 153)","align":"left","size":"22"},"cashier_pre_confirm_select_0_0_1_1_1":{"color":"rgb(0, 0, 0)","align":"right","size":"22"},"cashier_pre_confirm_select_0_1":{"margin":"0 0 0 0"},"cashier_pre_confirm_select_0_1_0":{"style":"headerview"},"cashier_pre_confirm_select_0_1_1":{"padding":"0 0 0 0","style":"cell"},"cashier_pre_confirm_select_0_1_1_0":{"align":"center","margin":"10 5 10 15"},"cashier_pre_confirm_select_0_1_1_0_0":{"_class":"fund","align":"left","image":"local:uncheck_channal;local:check_channal;local:check_channal","vertical-align":"middle","must":"false","size":"48","padding":"16"},"cashier_pre_confirm_select_0_1_1_0_1":{"align":"left","color":"rgb(153, 153, 153)","margin":"0 50 0 0","size":"22","vertical-align":"middle"},"cashier_pre_confirm_select_0_1_1_0_2":{"_class":"fundlabel","align":"right","color":"rgb(0, 0, 0)","margin":"0 0 0 0","size":"22","vertical-align":"middle"},"cashier_pre_confirm_select_0_1_1_1":{"image":"local:middle_line","height":"1"},"cashier_pre_confirm_select_0_1_1_2":{"align":"center","margin":"10 5 10 15"},"cashier_pre_confirm_select_0_1_1_2_0":{"_class":"fund","align":"left","image":"local:uncheck_channal;local:check_channal;local:check_channal","vertical-align":"middle","must":"false","size":"48","padding":"16"},"cashier_pre_confirm_select_0_1_1_2_1":{"align":"left","color":"rgb(153, 153, 153)","margin":"0 50 0 0","size":"22","vertical-align":"middle"},"cashier_pre_confirm_select_0_1_1_2_2":{"_class":"fundlabel","align":"right","color":"rgb(0, 0, 0)","size":"22","vertical-align":"middle"},"cashier_pre_confirm_select_0_1_2":{"padding":"20 0 20 0","style":"cell"},"cashier_pre_confirm_select_0_1_2_0_0":{"align":"center","margin":"0 15 0 15"},"cashier_pre_confirm_select_0_1_2_0_0_0":{"align":"left","color":"rgb(153, 153, 153)","size":"22","vertical-align":"middle"},"cashier_pre_confirm_select_0_1_2_0_0_1":{"align":"right","color":"rgb(0, 0, 0)","size":"22","margin":"0 0 0 30","vertical-align":"middle"},"cashier_pre_confirm_select_0_1_2_0_0_2":{"align":"right","image":"local:unfold","vertical-align":"middle"},"cashier_pre_confirm_select_0_1_2_1_0":{"align":"center"},"cashier_pre_confirm_select_0_1_2_1_0_0":{"margin":"0 15 0 15"},"cashier_pre_confirm_select_0_1_2_1_0_0_0":{"height":"15.5"},"cashier_pre_confirm_select_0_1_2_1_0_0_1_0":{"align":"left","color":"rgb(153, 153, 153)","size":"22"},"cashier_pre_confirm_select_0_1_2_1_0_0_1_1":{"align":"right","color":"rgb(0, 0, 0)","size":"22"},"cashier_pre_confirm_select_0_1_2_1_0_0_2":{"height":"15.5"},"cashier_pre_confirm_select_0_1_3":{"align":"center"},"cashier_pre_confirm_select_0_1_3_0":{},"cashier_pre_confirm_select_0_1_3_0_0":{"height":"11"},"cashier_pre_confirm_select_0_1_3_0_1":{"align":"center","margin":"3 0 3 0"},"cashier_pre_confirm_select_0_1_3_0_1_0":{"align":"left","color":"rgb(153, 153, 153)","size":"22"},"cashier_pre_confirm_select_0_1_3_0_1_1":{"align":"right","color":"rgb(0, 0, 0)","size":"22"},"cashier_pre_confirm_select_0_1_3_0_2":{"height":"11"},"cashier_pre_confirm_select_0_1_4":{"padding":"0 0 0 0","style":"cell"},"cashier_pre_confirm_select_0_1_4_0":{"align":"center","padding":"10 15 10 15"},"cashier_pre_confirm_select_0_1_4_0_0":{"align":"left","color":"rgb(153, 153, 153)","size":"22","vertical-align":"middle"},"cashier_pre_confirm_select_0_1_4_0_1":{"align":"right","color":"rgb(0, 0, 0)","margin":"0 0 0 30","size":"35","vertical-align":"middle"},"cashier_pre_confirm_select_0_1_4_0_2":{"align":"right","color":"rgb(0, 0, 0)","size":"22","vertical-align":"middle"},"cashier_pre_confirm_select_0_1_4_0_3":{"color":"rgb(0, 0, 0)","align":"right","size":"22","vertical-align":"middle"},"cashier_pre_confirm_select_0_1_4_1":{"color":"rgb(254, 254, 201)","padding":"0 0 0 0"},"cashier_pre_confirm_select_0_1_4_1_0":{"align":"left","color":"rgb(255, 102, 2)","size":"22"},"cashier_pre_confirm_select_0_2":{"style":"footerview"},"cashier_pre_confirm_select_0_2_0":{"height":"70","submit":"true","color":"rgb(255, 255, 255);rgb(255, 255, 255);rgb(170, 170, 170)","width":"-1","image":"local:normal;local:hover;local:disable","margin":"20 15 0 15","size":"28"},"cashier_pre_confirm_select_0_2_1":{"color":"rgb(153, 153, 153)","margin":"10 15 0 0","size":"22"},"cashier_promotion_wait_0":{"allowBack":"false","exit":"是否退出？","height":"520","width":"440"},"cashier_promotion_wait_0_0":{"image":"local:promotion_up_bg","height":"420","width":"-1"},"cashier_promotion_wait_0_0_0":{"align":"right","image":"local:promotion_close","margin":"30 0 0 30"},"cashier_promotion_wait_0_0_1":{"align":"center","image":"local:promotion_bg","margin":"10 0 0 0"},"cashier_promotion_wait_0_0_2":{"align":"center","color":"rgb(102, 102, 102)","margin":"40 0 0 0","size":"30"},"cashier_promotion_wait_0_1":{"image":"local:promotion_down_bg","height":"100"},"cashier_promotion_wait_0_1_0":{"color":"rgb(0, 170, 255);rgb(0, 170, 255);rgb(153, 153, 153)","disable":"true","size":"30","submit":"false","vertical-align":"middle","margin":"20 0 0 0","width":"-1"},"cashier_sla_0":{"allowBack":"false","exit":"是否退出？","height":"520","width":"440"},"cashier_sla_0_0":{"color":"rgb(239, 239, 244)","height":"420","width":"-1"},"cashier_sla_0_0_0":{"align":"center","color":"rgb(102, 102, 102)","margin":"180 0 0 0","size":"30"},"cashier_sla_0_0_1":{"align":"center","color":"rgb(153, 153, 153)","margin":"40 0 0 0","size":"24"},"cashier_sla_0_1":{"color":"rgb(255, 255, 255)","height":"100"},"cashier_sla_0_1_0":{"color":"rgb(0, 170, 255);rgb(0, 170, 255);rgb(0, 170, 255)","disable":"true","size":"30","submit":"false","vertical-align":"middle","margin":"20 0 0 0","width":"-1"},"cashier_sla_retry_0":{"allowBack":"false","exit":"是否退出？","height":"520","width":"440"},"cashier_sla_retry_0_0":{"color":"rgb(239, 239, 244)","height":"420","width":"-1"},"cashier_sla_retry_0_0_0":{"align":"right","color":"rgb(153, 153, 153)","margin":"15 0 0 15","size":"24"},"cashier_sla_retry_0_0_1":{"align":"center","color":"rgb(153, 153, 153)","margin":"180 0 0 0","size":"30"},"cashier_sla_retry_0_1":{"color":"rgb(255, 255, 255)","height":"100"},"cashier_sla_retry_0_1_0":{"color":"rgb(0, 170, 255);rgb(0, 170, 255);rgb(0, 170, 255)","disable":"true","size":"30","submit":"false","vertical-align":"middle","margin":"20 0 0 0","width":"-1"},"cashier_promotion_nowait_0":{"allowBack":"false","exit":"是否退出？","height":"520","width":"440"},"cashier_promotion_nowait_0_0":{"image":"local:promotion_up_bg","height":"420","width":"-1"},"cashier_promotion_nowait_0_0_0":{"align":"right","image":"local:promotion_close","margin":"30 0 0 30"},"cashier_promotion_nowait_0_0_1":{"align":"center","color":"rgb(102, 102, 102)","margin":"130 0 0 0","size":"30"},"cashier_promotion_nowait_0_0_2":{"align":"center","color":"rgb(153, 153, 153)","margin":"40 0 0 0","size":"24"},"cashier_promotion_nowait_0_1":{"image":"local:promotion_down_bg","height":"100"},"cashier_ad_fullscreen_0":{"style":"titleView"},"cashier_ad_fullscreen_0_0":{"color":"rgb(255, 102, 153)","image":"local:label_tip","margin":"0 0 0 0","marquee":"true","size":"21","width":"-1","height":"40px","text-align":"center"},"cashier_ad_window_0":{"align":"float","color":"rgb(255, 102, 153)","image":"local:label_tip","margin":"0 0 0 0","marquee":"true","size":"21","width":"-1","height":"40px","text-align":"center"},"cashier_ad_winfull_0":{"style":"headerview"},"cashier_ad_winfull_0_0":{"color":"rgb(255, 255, 255)","image":"local:orange_bg","margin":"0 0 0 0","marquee":"true","size":"21","width":"-1","align":"screen","height":"40px","text-align":"center"},"cashier_card_no_tb_0":{},"cashier_card_no_tb_0_0_0":{"align":"left","color":"rgb(0, 0, 0)","content":"card_no","margin":"20 0 0 0","size":"22","width":"-1","must":"true","image":"local:input"},"cashier_card_no_tb_0_0_1":{"color":"rgb(153, 153, 153)","margin":"9 15 0 0","size":"20","style":"footerview"},"cashier_card_no_tb_0_1":{"style":"footerview"},"cashier_card_no_tb_0_1_0":{"color":"rgb(255, 255, 255);rgb(255, 255, 255);rgb(170, 170, 170)","image":"local:taobao_normal;local:taobao_hover;local:taobao_disable","height":"70","margin":"20 15 0 15","size":"28","submit":"true","width":"-1"},"cashier_card_no_tb_0_1_1":{"color":"rgb(100, 100, 100);rgb(100, 100, 100);rgb(170, 170, 170)","image":"local:taobao_normal_second;local:taobao_hover_second;local:taobao_disable","height":"70","margin":"10 15 0 15","size":"28","submit":"true","width":"-1"},"cashier_complete_payment_pwd_tb_0":{"allowBack":"true"},"cashier_complete_payment_pwd_tb_0_0":{"height":"85","style":"headerview","width":"-1"},"cashier_complete_payment_pwd_tb_0_0_0":{"color":"rgb(255, 255, 255)","height":"84","width":"-1"},"cashier_complete_payment_pwd_tb_0_0_0_0":{"align":"left","vertical-align":"middle","image":"local:info","margin":"0 15 0 15"},"cashier_complete_payment_pwd_tb_0_0_0_1":{"color":"rgb(51, 51, 51)","size":"22","vertical-align":"middle","margin":"0 0 0 15"},"cashier_complete_payment_pwd_tb_0_0_1":{"height":"1","image":"local:middle_line"},"cashier_complete_payment_pwd_tb_0_1_0":{"align":"left","color":"rgb(0, 0, 0)","margin":"20 15 0 15","size":"22","width":"-1"},"cashier_complete_payment_pwd_tb_0_1_1":{"color":"rgb(170, 170, 170)","margin":"10 30 0 0","size":"22","align":"left","underline":"false"},"cashier_complete_payment_pwd_tb_0_2":{"style":"footerview"},"cashier_complete_payment_pwd_tb_0_2_0":{"color":"rgb(255, 255, 255);rgb(255, 255, 255);rgb(170, 170, 170)","image":"local:taobao_normal;local:taobao_hover;local:taobao_disable","height":"70","margin":"20 15 0 15","size":"28","submit":"true","width":"-1"},"cashier_credit_card_tb_0":{"scroll":"true"},"cashier_credit_card_tb_0_1_1":{"style":"cell","margin":"20 15 20 15"},"cashier_credit_card_tb_0_1_1_0":{"size":"24","vertical-align":"middle","margin":"0 15 0 0","width":"115"},"cashier_credit_card_tb_0_1_1_1":{"size":"24","vertical-align":"middle"},"cashier_credit_card_tb_0_1_1_2":{"size":"24","margin":"0 20 0 0","vertical-align":"middle"},"cashier_credit_card_tb_0_2":{"margin":"0 15 20 15"},"cashier_credit_card_tb_0_2_1":{"size":"22","style":"cell"},"cashier_credit_card_tb_0_2_2":{"size":"22","style":"cell","margin":"0 0 9 0"},"cashier_credit_card_tb_0_2_3":{"style":"footerview","margin":"0 5 0 5"},"cashier_credit_card_tb_0_2_3_0":{"color":"rgb(153, 153, 153)","size":"18"},"cashier_credit_card_tb_0_2_3_1":{"align":"right","color":"rgb(38, 129, 215)","size":"18"},"cashier_credit_card_tb_0_3":{"together":"true","margin":"0 15 20 15"},"cashier_credit_card_tb_0_3_0":{"style":"headerview"},"cashier_credit_card_tb_0_3_1":{"content":"card_validate","size":"16","style":"cell"},"cashier_credit_card_tb_0_3_2":{"content":"cvv","keyboard":"num","size":"16","style":"cell"},"cashier_credit_card_tb_0_4":{"together":"true","margin":"0 15 9 15"},"cashier_credit_card_tb_0_4_0":{"style":"headerview"},"cashier_credit_card_tb_0_4_1":{"size":"16","style":"cell"},"cashier_credit_card_tb_0_5":{"style":"footerview"},"cashier_credit_card_tb_0_5_0":{"margin":"0 20 20 15"},"cashier_credit_card_tb_0_5_0_0":{"color":"rgb(51, 51, 51)","size":"18"},"cashier_credit_card_tb_0_5_0_1":{"color":"rgb(38, 129, 215)","size":"18"},"cashier_credit_card_tb_0_5_1":{"color":"rgb(255, 255, 255);rgb(255, 255, 255);rgb(170, 170, 170)","image":"local:taobao_normal;local:taobao_hover;local:taobao_disable","size":"28","height":"70","margin":"0 15 0 15","submit":"true","width":"-1"},"cashier_card_sms_tb_0":{"scroll":"true"},"cashier_card_sms_tb_0_0":{"margin":"20 15 10 15"},"cashier_card_sms_tb_0_0_0":{"margin":"0 0 20 0","color":"rgb(153, 153, 153)"},"cashier_card_sms_tb_0_0_1_0":{"width":"60%","image":"local:inputGroup","keyboard":"num","cursor":"true"},"cashier_card_sms_tb_0_0_1_1":{"vertical-align":"middle","width":"37%","size":"24","sms":"true","margin":"0 15 0 0","time":"1000","color":"rgb(0,0,0);rgb(0,0,0);rgb(170,170,170)","image":"local:normal_second;local:hover_second;local:disable_gray"},"cashier_card_sms_tb_0_1":{"margin":"20 0 0 0"},"cashier_card_sms_tb_0_1_0":{"color":"rgb(255, 255, 255);rgb(255, 255, 255);rgb(170, 170, 170)","image":"local:taobao_normal;local:taobao_hover;local:taobao_disable","margin":"0 15 0 15","submit":"true","padding":"0 0 0 0","size":"28","height":"70","align":"right","width":"-1"},"deposit_index_0":{"allowBack":"true","direction":"vertical","exit":"是否放弃充值？","height":"auto","image":"local:bg","needOnback":"true","width":"90%"},"deposit_index_0_0":{"height":"20","style":"headerview","width":"320"},"deposit_index_0_1_0":{"align":"center","height":"90","style":"cell"},"deposit_index_0_1_0_0":{"align":"left","filter":"corner(3)","height":"64","margin":"0 20 0 0","vertical-align":"middle","width":"64"},"deposit_index_0_1_0_1":{"margin":"0 15 0 0","vertical-align":"middle"},"deposit_index_0_1_0_1_0":{"color":"rgb(0, 0, 0)","margin":"0 0 6 0","size":"24"},"deposit_index_0_1_0_1_1":{"color":"rgb(153, 153, 153)","size":"20"},"deposit_index_0_1_0_2":{"align":"right","image":"local:goto","margin":"0 0 0 20","vertical-align":"middle"},"deposit_index_0_1_1":{"color":"rgb(153, 153, 153)","padding":"9 20 0 0","size":"20","style":"footerview"},"deposit_index_0_2_0":{"align":"center","height":"70","style":"cell","margin":"20 0 0 0"},"deposit_index_0_2_0_0":{"color":"rgb(0, 0, 0)","margin":"0 20 0 0","size":"24","vertical-align":"middle"},"deposit_index_0_2_0_1":{"align":"right","image":"local:goto","margin":"0 0 0 20","vertical-align":"middle"},"deposit_index_0_3_0":{"cursor":"false","height":"68","style":"cell","margin":"20 0 0 0","size":"16"},"deposit_index_0_3_1":{"style":"footerview"},"deposit_index_0_3_1_0":{"color":"rgb(255, 102, 0)","size":"20","visibility":"collapse","padding":"20 20 0 0"},"deposit_index_0_3_1_1":{"color":"rgb(255, 255, 255);rgb(255, 255, 255);rgb(170, 170, 170)","image":"local:normal;local:hover;local:disable","margin":"30 20 0 20","size":"28","disable":"true","height":"70","width":"-1"},"deposit_index_0_4_0":{"color":"rgb(56, 84, 135)","padding":"20 20 20 0","size":"20","style":"headerview"},"deposit_index_0_4_1":{"height":"300","padding":"15 20 15 20","width":"-1"},"cashier_new_wk_card_0":{"allowBack":"false","height":"auto","scroll":"true","direction":"vertical","width":"90%","image":"local:bg","exit":"是否放弃付款？"},"cashier_new_wk_card_0_0_0":{"style":"cell","width":"-1","margin":"15 15 0 15","height":"65"},"cashier_new_wk_card_0_0_0_0":{"vertical-align":"middle","width":"80","margin":"0 15 0 0","size":"24"},"cashier_new_wk_card_0_0_0_1":{"vertical-align":"middle","color":"rgb(153, 1, 255)","width":"190","margin":"0 0 0 0","size":"24"},"cashier_new_wk_card_0_0_1":{"height":"0","style":"footerview"},"cashier_new_wk_card_0_1_0":{"height":"76","width":"-1","margin":"15 15 0 15"},"cashier_new_wk_card_0_1_0_1":{"vertical-align":"middle","height":"76","color":"rgb(153, 1, 255)","width":"-1","margin":"15 15 0 15","size":"16","style":"cell"},"cashier_new_wk_card_0_1_0_4":{"vertical-align":"middle","height":"76","color":"rgb(153, 1, 255)","width":"-1","margin":"0 15 0 15","size":"16","style":"cell"},"cashier_new_wk_card_0_1_1":{"keyboard":"num","height":"76","cursor":"true","style":"cell","color":"rgb(0, 0, 0)","width":"-1","align":"left","margin":"0 15 0 15","size":"16"},"cashier_new_wk_card_0_1_2":{"content":"cvv","keyboard":"num","height":"76","cursor":"true","style":"cell","color":"rgb(0, 0, 0)","width":"-1","align":"left","margin":"0 15 0 15","size":"16"},"cashier_new_wk_card_0_2":{"margin":"15 0 0 0"},"cashier_new_wk_card_0_2_0":{"height":"76","cursor":"true","color":"rgb(0, 0, 0)","width":"-1","align":"left","margin":"0 15 0 15","size":"16"},"cashier_new_wk_card_0_3_0":{"height":"76","style":"cell","width":"-1","margin":"15 15 0 15"},"cashier_new_wk_card_0_3_0_0":{"vertical-align":"middle","width":"120","margin":"0 16 0 0","size":"21"},"cashier_new_wk_card_0_3_0_1":{"vertical-align":"middle","color":"rgb(0, 0, 0)","width":"-1","margin":"0 0 0 40","size":"21"},"cashier_new_wk_card_0_3_0_2":{"vertical-align":"middle","align":"right","image":"local:goto","margin":"0 0 0 30"},"cashier_new_wk_card_0_4":{"style":"footerview"},"cashier_new_wk_card_0_4_0":{"margin":"5 30 0 0"},"cashier_new_wk_card_0_4_0_0":{"margin":"0 0 0 0","size":"21"},"cashier_new_wk_card_0_4_0_1":{"color":"rgb(0, 0, 255)","margin":"0 0 0 0","size":"21"},"cashier_new_wk_card_0_4_1":{"height":"76","submit":"true","color":"rgb(255, 255, 255);rgb(255, 255, 255);rgb(204, 204, 204)","width":"-1","image":"local:normal;local:hover;local:disable_gray","margin":"20 15 0 15","size":"20"},"cashier_new_wk_card_0_5_0":{"height":"1","width":"1","style":"headerview"},"cashier_wkcard_billaddr_0":{"allowBack":"false","height":"auto","scroll":"true","direction":"vertical","width":"90%","image":"local:bg","exit":"是否放弃付款？"},"cashier_wkcard_billaddr_0_0_0":{"height":"76","style":"cell","width":"-1","margin":"0 15 0 15"},"cashier_wkcard_billaddr_0_0_0_0":{"vertical-align":"middle","width":"120","margin":"0 15 0 0","size":"24"},"cashier_wkcard_billaddr_0_0_0_1":{"vertical-align":"middle","color":"rgb(0, 0, 0)","align":"left","width":"240","margin":"0 120 0 5","size":"22"},"cashier_wkcard_billaddr_0_0_0_2":{"vertical-align":"middle","align":"right","image":"local:goto","margin":"0 0 0 15"},"cashier_wkcard_billaddr_0_0_1":{"height":"76","style":"cell","width":"-1","margin":"0 15 0 15"},"cashier_wkcard_billaddr_0_0_1_0":{"vertical-align":"middle","width":"120","margin":"0 15 0 0","size":"24"},"cashier_wkcard_billaddr_0_0_2":{"height":"76","style":"cell","width":"-1","margin":"0 15 0 15","size":"21"},"cashier_wkcard_billaddr_0_1":{"style":"footerview"},"cashier_wkcard_billaddr_0_1_0":{"height":"76","submit":"true","color":"rgb(255, 255, 255);rgb(255, 255, 255);rgb(204, 204, 204)","width":"-1","image":"local:normal;local:hover;local:disable_gray","margin":"20 15 0 15","size":"26"},"cashier_init_switch_0_0_5":{},"cashier_init_switch_0_0_5_0":{"cursor":"true","image":"local:minipwd","margin":"20 22 0 22","width":"80%","align":"left"},"cashier_init_switch_0_0_5_1":{"keyboard":"num","cursor":"true","image":"local:minipwd","margin":"20 22 0 22","width":"80%","align":"left"},"cashier_init_switch_0_0_5_2":{"vertical-align":"middle","image":"local:change","padding":"20 5 0 30","align":"right"},"cashier_title_window_home_logo_0":{"allowBack":"false","image":"local:bg","style":"titleView"},"cashier_title_window_home_logo_0_0":{"height":"76","padding":"0 0 0 0"},"cashier_title_window_home_logo_0_0_0":{"align":"left","image":"local:back","margin":"0 15 0 0","vertical-align":"middle"},"cashier_title_window_home_logo_0_0_1":{"align":"center","margin":"0 0 0 0","vertical-align":"middle","width":"260"},"cashier_title_window_home_logo_0_0_1_0":{"align":"center","margin":"0 0 0 0","vertical-align":"middle","width":"-2","height":"-2"},"cashier_title_window_home_logo_0_0_1_0_0":{"image":"local:logo_orange","margin":"7 0 0 0","width":"78","height":"26"},"cashier_title_window_home_logo_0_0_1_0_1":{"text-align":"center","color":"rgb(153, 153, 153)","margin":"0 8 4 0","size":"26","width":"-2","height":"-2"},"cashier_title_window_home_logo_0_0_1_1":{"align":"center","color":"rgb(153, 153, 153)","margin":"1 0 0 0","size":"18"},"cashier_title_window_home_logo_0_0_2":{"align":"right","color":"rgb(153, 153, 153)","margin":"0 0 0 15","padding":"20 20 20 20","size":"15","vertical-align":"middle"},"cashier_title_window_home_logo_0_0_3":{"align":"right","image":"local:help2","margin":"0 0 0 15","vertical-align":"middle"},"complete_pwd_after_success_0":{"allowBack":"false","exit":"是否放弃补全密码?"},"complete_pwd_after_success_0_0":{"height":"85","style":"headerview","width":"-1"},"complete_pwd_after_success_0_0_0":{"height":"84","color":"rgb(255, 255, 255)","width":"-1"},"complete_pwd_after_success_0_0_0_0":{"vertical-align":"middle","align":"left","image":"local:sure","margin":"0 15 0 15"},"complete_pwd_after_success_0_0_0_1":{"vertical-align":"middle","color":"rgb(51, 51, 51)","margin":"0 0 0 15","size":"22"},"complete_pwd_after_success_0_0_1":{"height":"1","image":"local:middle_line"},"complete_pwd_after_success_0_1_0":{"color":"rgb(102, 102, 102)","margin":"20 20 8 20","size":"20","style":"headerview"},"complete_pwd_after_success_0_1_1":{"cursor":"true","height":"68","size":"16","style":"cell"},"complete_pwd_after_success_0_1_2":{"color":"rgb(153, 153, 153)","margin":"8 20 20 20","size":"20","style":"footerview"},"complete_pwd_after_success_0_2":{"style":"footerview"},"complete_pwd_after_success_0_2_0":{"submit":"true","margin":"0 20 0 20","height":"70","color":"rgb(255, 255, 255);rgb(255, 255, 255);rgb(170, 170, 170)","width":"-1","image":"local:normal;local:hover;local:disable","disable":"true","size":"28"},"complete_pwd_repeat_after_success_0":{},"complete_pwd_repeat_after_success_0_0_0":{"color":"rgb(102, 102, 102)","margin":"20 20 8 20","size":"20","style":"headerview"},"complete_pwd_repeat_after_success_0_0_1":{"cursor":"true","height":"68","size":"16","style":"cell"},"complete_pwd_repeat_after_success_0_0_2":{"color":"rgb(153, 153, 153)","margin":"8 20 20 20","size":"20","style":"footerview"},"complete_pwd_repeat_after_success_0_1":{"style":"footerview"},"complete_pwd_repeat_after_success_0_1_0":{"submit":"true","margin":"0 20 0 20","height":"70","color":"rgb(255, 255, 255);rgb(255, 255, 255);rgb(170, 170, 170)","width":"-1","image":"local:normal;local:hover;local:disable","disable":"true","size":"28"},"complete_spwd_after_success_0":{"allowBack":"false","exit":"是否放弃补全密码?"},"complete_spwd_after_success_0_0":{"style":"headerview","width":"-1"},"complete_spwd_after_success_0_0_0":{"color":"rgb(255, 255, 255)","height":"84","width":"-1"},"complete_spwd_after_success_0_0_0_0":{"vertical-align":"middle","align":"left","image":"local:sure","margin":"0 15 0 15"},"complete_spwd_after_success_0_0_0_1":{"vertical-align":"middle","color":"rgb(51, 51, 51)","margin":"0 0 0 15","size":"22"},"complete_spwd_after_success_0_0_1":{"image":"local:middle_line","height":"1"},"complete_spwd_after_success_0_0_2":{"color":"rgb(102, 102, 102)","margin":"20 20 10 20","size":"20","style":"headerview"},"complete_spwd_after_success_0_0_3":{"margin":"0 20 0 20","image":"local:minipwd","keyboard":"num","cursor":"true"},"complete_spwd_repeat_after_success_0":{},"complete_spwd_repeat_after_success_0_0_0":{"color":"rgb(102, 102, 102)","margin":"20 20 8 20","size":"20","style":"headerview"},"complete_spwd_repeat_after_success_0_0_1":{"margin":"0 20 0 20","image":"local:minipwd","keyboard":"num","cursor":"true"},"complete_spwd_repeat_after_success_0_1":{"style":"footerview"},"complete_spwd_repeat_after_success_0_1_0":{"submit":"true","margin":"20 20 0 20","height":"70","color":"rgb(255, 255, 255);rgb(255, 255, 255);rgb(170, 170, 170)","width":"-1","image":"local:normal;local:hover;local:disable","disable":"true","size":"28"}} 