{"cancle":{"color":"rgb(0, 0, 0);rgb(0, 0, 0);rgb(204, 204, 204)","image":"local:normal_second;local:hover_second;local:disable_gray"},"next":{"color":"rgb(255, 255, 255);rgb(255, 255, 255);rgb(204, 204, 204)","image":"local:normal;local:hover;local:disable_gray"},"pay":{"color":"rgb(255, 255, 255);rgb(255, 255, 255);rgb(113,151,241)","image":"local:normal;local:hover;local:disable_blue"},"cashier_title_large_0":{"style":"titleView"},"cashier_title_large_0_0":{"height":"47","padding":"15 15 0 15"},"cashier_title_large_0_0_0":{"align":"left"},"cashier_title_large_0_0_0_0_0":{"image":"local:back","margin":"0 -2 0 0"},"cashier_title_large_0_0_0_0_1":{"color":"rgb(255, 255, 255)","size":"14","margin":"0 5 0 0"},"cashier_title_large_0_0_1":{"vertical-align":"middle","width":"190"},"cashier_title_large_0_0_1_0":{"align":"center","color":"rgb(255, 255, 255)","margin":"0 -15 0 0","size":"20"},"cashier_title_large_0_0_1_1":{"align":"center","color":"rgb(153, 153, 153)","margin":"3 -15 0 0","size":"12"},"cashier_title_large_0_0_2":{"align":"right","color":"rgb(255, 255, 255)","margin":"0 15 0 0","padding":"20 20 20 20","size":"14"},"cashier_title_large_0_0_3":{"align":"right","margin":"0 15 0 0","padding":"20 20 20 20","size":"15"},"cashier_title_small_0":{"style":"titleView"},"cashier_title_small_0_0":{"height":"43","padding":"15 15 0 15"},"cashier_title_small_0_0_0":{"align":"left","image":"local:back_window","margin":"-20 -23 0 0","padding":"20 20 20 20"},"cashier_title_small_0_0_1":{"align":"center","margin":"-6 0 0 0","vertical-align":"middle","width":"200"},"cashier_title_small_0_0_1_0":{"align":"center","color":"rgb(153, 153, 153)","margin":"0 0 0 0","size":"17"},"cashier_title_small_0_0_1_1":{"align":"center","color":"rgb(153, 153, 153)","margin":"1 0 0 0","size":"13"},"cashier_title_small_0_0_2":{"align":"right","color":"rgb(153, 153, 153)","margin":"-20 0 0 -17","padding":"20 20 20 20","size":"15"},"cashier_title_small_0_0_3":{"align":"right","image":"local:help2","margin":"-10 -10 -10 -10","padding":"10 10 10 10"},"cashier_title_small_home_0_0_1_0":{"align":"center","color":"rgb(153, 153, 153)","margin":"0 0 0 0","size":"17"},"cashier_account_0_0":{"height":"15","style":"headerview","width":"-1"},"cashier_account_0_1":{"margin":"15 15 0 15"},"cashier_account_0_1_0":{"height":"48","margin":"17 15 0 15","style":"cell","width":"-1"},"cashier_account_0_1_0_0":{"color":"rgb(0, 0, 0)","margin":"-3 0 0 0","size":"17"},"cashier_account_0_1_0_1":{"align":"right","image":"local:goto","margin":"0"},"cashier_account_0_1_1":{"color":"rgb(255, 255, 255)","height":"48","margin":"17 15 0 15","style":"cell","width":"-1"},"cashier_account_0_1_1_0":{"color":"rgb(0, 0, 0)","margin":"-3 0 0 0","size":"17"},"cashier_account_0_1_1_1":{"align":"right","image":"local:goto","margin":"0"},"cashier_account_0_1_2":{"color":"rgb(255, 255, 255)","height":"48","margin":"17 15 0 15","style":"cell","width":"-1"},"cashier_account_0_1_2_0":{"color":"rgb(0, 0, 0)","margin":"-3 0 0 0","size":"17"},"cashier_account_0_1_2_1":{"align":"right","image":"local:goto","margin":"0"},"cashier_login_0":{"direction":"vertical","height":"auto","image":"local:bg","width":"90%"},"cashier_login_0_0":{"height":"15","style":"headerview","width":"-1"},"cashier_login_0_1":{"together":"true"},"cashier_login_0_1_0":{"cursor":"true","height":"45","margin":"0 6 0 8","size":"16","style":"cell"},"cashier_login_0_1_1":{"height":"45","margin":"0 6 0 1","size":"16","style":"cell"},"cashier_login_0_1_2":{"height":"0.1","style":"footerview"},"cashier_login_0_2":{"style":"footerview"},"cashier_login_0_2_0":{"align":"right","color":"rgb(38, 129, 215)","content":"loginpwd","margin":"6 0 0 15","underline":"false"},"cashier_login_0_2_1":{"color":"rgb(255, 255, 255);rgb(255, 255, 255);rgb(204, 204, 204)","height":"42","image":"local:normal;local:hover;local:disable_gray","margin":"20 10 0 10","size":"20","submit":"true","width":"-1"},"cashier_sms_0":{"image":"local:bg"},"cashier_sms_0_0":{"style":"headerview"},"cashier_sms_0_0_0":{"align":"center","color":"rgb(153, 153, 153)","margin":"20 0 15 0","size":"15"},"cashier_sms_0_1":{"height":"45"},"cashier_sms_0_1_0_0":{"align":"left","height":"44","margin":"0 0 0 0","size":"16","width":"66%"},"cashier_sms_0_1_0_1":{"color":"rgb(186, 186, 186)","height":"18","vertical-align":"middle","width":"1"},"cashier_sms_0_1_0_2":{"align":"right","color":"rgb(0, 170, 255);rgb(0, 170, 255);rgb(217, 217, 217)","margin":"1.5 0 0 -10","size":"16","sms":"true","vertical-align":"middle","width":"120"},"cashier_sms_0_2":{"style":"footerview"},"cashier_sms_0_2_0":{"color":"rgb(255, 255, 255);rgb(255, 255, 255);rgb(204, 204, 204)","height":"42","image":"local:normal;local:hover;local:disable_gray","margin":"20 10 0 10","size":"20","submit":"true","width":"-1"},"cashier_confirm_0_0":{"style":"headerview"},"cashier_confirm_0_0_0":{"align":"center","color":"rgb(0, 0, 0)","height":"80","padding":"20 0 0 0","size":"40"},"cashier_confirm_0_0_1":{"image":"local:middle_line"},"cashier_confirm_0_0_2":{"color":"rgb(255, 255, 255)","height":"5","width":"-1"},"cashier_confirm_0_0_3":{"color":"rgb(255, 255, 255)","height":"26","width":"-1"},"cashier_confirm_0_0_3_0":{"color":"rgb(153, 153, 153)","margin":"5 15 5 0","size":"15"},"cashier_confirm_0_0_3_1":{"align":"right","color":"rgb(0, 0, 0)","margin":"5 0 5 15","size":"15"},"cashier_confirm_0_0_4":{"align":"left","color":"rgb(255, 255, 255)","height":"26","width":"-1"},"cashier_confirm_0_0_4_0":{"color":"rgb(153, 153, 153)","margin":"5 15 5 0","size":"15"},"cashier_confirm_0_0_4_1":{"align":"right","color":"rgb(0, 0, 0)","margin":"5 0 5 15","size":"15"},"cashier_confirm_0_0_5":{"color":"rgb(255, 255, 255)","height":"5","width":"-1"},"cashier_confirm_0_0_6":{"image":"local:middle_line"},"cashier_confirm_0_0_7":{"color":"rgb(255, 255, 255);rgb(255, 255, 255);rgb(204, 204, 204)","height":"42","image":"local:normal;local:hover;local:disable_gray","margin":"20 10 0 10","size":"20","submit":"true","width":"-1"},"cashier_channel_0":{"scroll":"true"},"cashier_channel_0_0_0":{"height":"55","margin":"0 15 0 0","style":"cell"},"cashier_channel_0_0_0_0":{"vertical-align":"middle","width":"250"},"cashier_channel_0_0_0_0_0":{"margin":"0 0 0 0"},"cashier_channel_0_0_0_0_0_0":{"color":"rgb(0, 0, 0)","size":"15","margin":"0 0 0 5"},"cashier_channel_0_0_0_0_0_1":{"image":"local:hui","margin":"2 10 0 0"},"cashier_channel_0_0_0_0_0_2":{"image":"local:hui","margin":"3 0 0 -5"},"cashier_channel_0_0_0_0_0_3":{"image":"local:busy","margin":"3 0 0 -5"},"cashier_channel_0_0_0_0_0_4":{"size":"17","margin":"1 0 0 5"},"cashier_channel_0_0_0_0_1":{"color":"rgb(153, 153, 153)","margin":"5 0 0 0","size":"12"},"cashier_channel_0_0_0_1":{"align":"right","color":"rgb(153, 153, 153)","margin":"21 0 0 15","size":"12"},"cashier_channel_0_0_0_2":{"align":"right","image":"local:gou","margin":"21 0 0 15"},"cashier_channel_0_0_0_3":{"align":"right","image":"local:goto","margin":"21 0 0 15"},"cashier_channel_0_1":{"style":"footerview"},"cashier_channel_0_1_0":{"color":"rgb(153, 153, 153)","margin":"-7 15 10 0","size":"12"},"cashier_card_no_0":{},"cashier_card_no_0_0_0":{"align":"left","color":"rgb(0, 0, 0)","content":"card_no","height":"45","margin":"0 6 0 8","size":"17"},"cashier_card_no_0_0_1":{"color":"rgb(153, 153, 153)","padding":"10 15 0 0","size":"12","style":"footerview"},"cashier_card_no_0_1":{"style":"footerview"},"cashier_card_no_0_1_0":{"color":"rgb(255, 255, 255);rgb(255, 255, 255);rgb(204, 204, 204)","height":"42","image":"local:normal;local:hover;local:disable_gray","margin":"20 10 0 10","size":"20","submit":"true","width":"-1"},"cashier_card_no_0_1_1":{"color":"rgb(38, 129, 215)","margin":"20 10 0 0","size":"13","underline":"false"},"cashier_init_0":{"image":"local:bg","width":"301"},"cashier_init_0_0":{"height":"146"},"cashier_init_0_0_0":{"image":"local:middle_line","margin":"0 15 0 15"},"cashier_init_0_0_1":{"height":"42"},"cashier_init_0_0_1_0":{"color":"rgb(0, 0, 0)","margin":"12 15 12 3","size":"15"},"cashier_init_0_0_1_1":{"color":"rgb(186, 186, 186)","text-decoration":"line-through","margin":"14 0 0 0","size":"13"},"cashier_init_0_0_1_2":{"align":"right","color":"rgb(186, 186, 186)","margin":"14 0 0 32","size":"13"},"cashier_init_0_0_1_3":{"align":"right","image":"local:goto","margin":"14 0 0 16"},"cashier_init_0_0_2":{"image":"local:middle_line","margin":"0 15 0 15"},"cashier_init_0_0_3":{"height":"42"},"cashier_init_0_0_3_0":{"color":"rgb(0, 0, 0)","margin":"12 15 12 3","size":"15"},"cashier_init_0_0_3_1":{"align":"right","image":"local:red","margin":"17 0 0 32"},"cashier_init_0_0_3_2":{"align":"right","image":"local:goto","margin":"14 0 0 16"},"cashier_init_0_0_4":{"image":"local:middle_line","margin":"0 15 0 15"},"cashier_init_0_0_5":{"cursor":"true","margin":"10 15 0.5 15"},"cashier_init_0_0_6":{"margin":"10 15 0.5 15"},"cashier_init_0_0_7":{"margin":"10 15 0.5 15","color":"rgb(186, 186, 186)"},"cashier_init_0_0_8":{"margin":"10 15 0.5 15"},"cashier_init_0_0_8_0":{"color":"rgb(186, 186, 186)"},"cashier_init_0_0_8_1":{"color":"rgb(50, 111, 251)"},"cashier_init_0_1_0_0":{"color":"rgb(0, 0, 0);rgb(0, 0, 0);rgb(204, 204,204)","height":"42","image":"local:normal_second;local:hover_second;local:disable_second","padding":"0 15 0 0","size":"20","width":"145.5"},"cashier_init_0_1_0_1":{"color":"rgb(255, 255, 255);rgb(255, 255, 255);rgb(111, 149, 244)","height":"42","image":"local:normal;local:hover;local:normal","padding":"0 10.5 0 0","size":"20","submit":"true","width":"141"},"cashier_sms_window_0":{"image":"local:bg"},"cashier_sms_window_0_0_0":{"height":"0.5","image":"local:middle_line"},"cashier_sms_window_0_1":{"height":"136"},"cashier_sms_window_0_1_0":{"align":"center","color":"rgb(0, 0, 0)","margin":"22 48 20 48","size":"14"},"cashier_sms_window_0_1_1":{"margin":"0 15 0 15"},"cashier_sms_window_0_1_1_0":{"cursor":"true","height":"44","image":"local:inputGroup","keyboard":"num","size":"16","width":"161"},"cashier_sms_window_0_1_1_1":{"color":"rgb(0, 0, 0);rgb(0, 0, 0);rgb(204, 204, 204)","height":"44","image":"local:normal_second;local:hover_second;local:disable_gray","margin":"0 10 0 0","size":"15","sms":"true","width":"110"},"cashier_sms_window_0_2_0":{"height":"0.5","image":"local:middle_line","margin":"0 0 10 0"},"cashier_sms_window_0_3_0_0":{"color":"rgb(255, 255, 255);rgb(255, 255, 255);rgb(204, 204, 204)","height":"42","image":"local:normal;local:hover;local:disable_gray","padding":"0 15 0 15","size":"20","submit":"true","width":"301"},"cashier_card_pwd_0":{"image":"local:bg"},"cashier_card_pwd_0_0":{"style":"headerview"},"cashier_card_pwd_0_0_0":{"color":"rgb(0, 0, 0)","margin":"15 10 15 10","size":"16","text-align":"center"},"cashier_card_pwd_0_0_1":{"image":"local:minipwd_big","margin":"10 10 0 10"},"cashier_card_pwd_0_1_0":{"cursor":"true","height":"45","keyboard":"en","margin":"0 0 0 0"},"cashier_card_pwd_0_2":{"style":"footerview"},"cashier_card_pwd_0_2_0":{"color":"rgb(255, 255, 255);rgb(255, 255, 255);rgb(204, 204, 204)","height":"42","image":"local:normal;local:hover;local:disable_gray","margin":"20 10 0 10","size":"20","submit":"true","width":"-1"},"cashier_setspwd_repeat_0":{"image":"local:bg"},"cashier_setspwd_repeat_0_0":{"style":"headerview"},"cashier_setspwd_repeat_0_0_0":{"text-align":"center","color":"rgb(0, 0, 0)","margin":"15 10 15 10","size":"16"},"cashier_setspwd_repeat_0_0_1":{"cursor":"true","margin":"5 10 5 10","height":"42","image":"local:minipwd_big"},"cashier_setspwd_repeat_0_0_2":{"cursor":"true","margin":"5 10 5 10","height":"42","image":"local:input"},"cashier_setspwd_repeat_0_0_3":{"color":"rgb(255, 255, 255);rgb(255, 255, 255);rgb(204, 204, 204)","height":"42","image":"local:normal;local:hover;local:disable_gray","margin":"20 10 0 10","size":"20","submit":"true","width":"-1"},"cashier_notice_0":{"style":"headerview","width":"-1"},"cashier_notice_0_0":{"color":"rgb(255, 255, 255)","width":"-1"},"cashier_notice_0_0_0":{"align":"left_center","image":"local:info","margin":"17 15 17 10","vertical-align":"middle"},"cashier_notice_0_0_1":{"color":"rgb(51, 51, 51)","margin":"5 0 5 15","size":"16","vertical-align":"middle"},"cashier_notice_0_1":{"height":"0.5","image":"local:middle_line","margin":"0 0 15 0"},"cashier_memo_0":{"style":"headerview","width":"-1"},"cashier_memo_0_0":{"color":"rgb(255, 255, 255)","width":"-1"},"cashier_memo_0_0_0":{"align":"left_center","image":"local:sure","margin":"17 15 17 10","vertical-align":"middle"},"cashier_memo_0_0_1":{"color":"rgb(51, 51, 51)","margin":"5 0 5 15","size":"16","vertical-align":"middle"},"cashier_memo_0_1":{"height":"0.5","image":"local:middle_line","margin":"0 0 15 0"},"cashier_credit_card_0_0":{"height":"4","style":"headerview","width":"-1"},"cashier_credit_card_0_1_0":{"height":"11","style":"headerview","width":"-1"},"cashier_credit_card_0_1_1":{"height":"45","margin":"14 15 0 15","style":"cell"},"cashier_credit_card_0_1_1_0":{"size":"16"},"cashier_credit_card_0_1_1_1":{"margin":"0 35 0 0","size":"16"},"cashier_credit_card_0_1_1_2":{"margin":"0 20 0 0","size":"16"},"cashier_credit_card_0_1_2":{"height":"11","style":"footerview","width":"-1"},"cashier_credit_card_0_2_0":{"height":"11","style":"headerview","width":"-1"},"cashier_credit_card_0_2_1":{"height":"45","margin":"0 6 0 0","size":"16","style":"cell"},"cashier_credit_card_0_2_2":{"height":"45","margin":"0 6 0 0","size":"16","style":"cell"},"cashier_credit_card_0_2_3":{"height":"29","padding":"8 15 0 15","style":"footerview"},"cashier_credit_card_0_2_3_0":{"color":"rgb(153, 153, 153)","size":"12"},"cashier_credit_card_0_2_3_1":{"align":"right","color":"rgb(0, 170, 255)","size":"12"},"cashier_credit_card_0_3":{"together":"true"},"cashier_credit_card_0_3_0":{"height":"11","style":"headerview","width":"-1"},"cashier_credit_card_0_3_1":{"height":"45","margin":"0 6 0 0","size":"16","style":"cell"},"cashier_credit_card_0_3_2":{"content":"cvv","height":"45","keyboard":"num","margin":"0 6 0 0","size":"16","style":"cell"},"cashier_credit_card_0_3_3":{"height":"11","style":"footerview","width":"-1"},"cashier_credit_card_0_4":{"together":"true"},"cashier_credit_card_0_4_0":{"height":"11","style":"headerview","width":"-1"},"cashier_credit_card_0_4_1":{"height":"45","margin":"0 6 0 0","size":"16","style":"cell"},"cashier_credit_card_0_4_2":{"height":"11","style":"footerview","width":"-1"},"cashier_credit_card_0_5":{"style":"footerview"},"cashier_credit_card_0_5_0":{"margin":"9 15 0 0"},"cashier_credit_card_0_5_0_0":{"color":"rgb(51, 51, 51)","size":"13"},"cashier_credit_card_0_5_0_1":{"color":"rgb(0, 170, 255)","size":"13"},"cashier_credit_card_0_5_1":{"color":"rgb(255, 255, 255);rgb(255, 255, 255);rgb(204, 204, 204)","height":"42","image":"local:normal;local:hover;local:disable_gray","margin":"20 10 10 10","size":"20","submit":"true","width":"-1"},"cashier_payee_certificate_0":{},"cashier_payee_certificate_0_0":{"height":"20","style":"headerview","width":"-1"},"cashier_payee_certificate_0_0_0_2":{"align":"right","image":"local:help","margin":"0 15 0 0","padding":"20 20 20 20"},"cashier_payee_certificate_0_1":{"style":"footerview"},"cashier_payee_certificate_0_1_0":{"color":"rgb(0, 0, 0)","margin":"0 20 0 20","size":"16"},"cashier_payee_certificate_0_1_1":{"height":"42","submit":"true","color":"rgb(255, 255, 255);rgb(255, 255, 255);rgb(204, 204, 204)","width":"-1","image":"local:normal;local:hover;local:disable_gray","margin":"20 10 0 10","size":"20"},"cashier_card_detail_0_0":{"style":"headerview"},"cashier_card_detail_0_0_0":{"height":"11"},"cashier_card_detail_0_0_1":{"margin":"3 15 3 15","width":"-1"},"cashier_card_detail_0_0_1_0":{"align":"left","color":"rgb(153, 153, 153)","size":"15"},"cashier_card_detail_0_0_1_1":{"align":"right","color":"rgb(0, 0, 0)","size":"15"},"cashier_card_detail_0_0_2":{"margin":"3 15 3 15","width":"-1"},"cashier_card_detail_0_0_2_0":{"align":"left","color":"rgb(153, 153, 153)","size":"15"},"cashier_card_detail_0_0_2_1":{"align":"right","color":"rgb(0, 0, 0)","size":"15"},"cashier_card_detail_0_0_3":{"height":"0.5","image":"local:xu_line","margin":"4 0 4 0"},"cashier_card_detail_0_0_4":{"margin":"3 15 3 15","width":"-1"},"cashier_card_detail_0_0_4_0":{"align":"left","color":"rgb(153, 153, 153)","size":"15"},"cashier_card_detail_0_0_4_1":{"align":"right","color":"rgb(0, 0, 0)","size":"15"},"cashier_card_detail_0_0_5":{"margin":"3 15 3 15","width":"-1"},"cashier_card_detail_0_0_5_0":{"align":"left","color":"rgb(153, 153, 153)","size":"15"},"cashier_card_detail_0_0_5_1":{"align":"right","color":"rgb(0, 0, 0)","size":"15"},"cashier_card_detail_0_0_6":{"margin":"3 15 3 15","width":"-1"},"cashier_card_detail_0_0_6_0":{"align":"left","color":"rgb(153, 153, 153)","size":"15"},"cashier_card_detail_0_0_6_1":{"align":"right","color":"rgb(0, 0, 0)","size":"15"},"cashier_card_detail_0_0_7":{"height":"0.5","image":"local:xu_line","margin":"4 0 4 0"},"cashier_card_detail_0_0_8":{"margin":"3 15 3 15","width":"-1"},"cashier_card_detail_0_0_8_0":{"align":"left","color":"rgb(153, 153, 153)","size":"15"},"cashier_card_detail_0_0_8_1":{"align":"right","color":"rgb(0, 0, 0)","margin":"-2 0 0 0","size":"20"},"cashier_card_detail_0_0_9":{"color":"rgb(255, 255, 255);rgb(255, 255, 255);rgb(204, 204, 204)","height":"42","image":"local:normal;local:hover;local:disable_gray","margin":"20 10 0 10","size":"20","submit":"true","width":"-1"},"cashier_charge_0":{"image":"local:bg","width":"301"},"cashier_charge_0_0_0":{"image":"local:middle_line"},"cashier_charge_0_1":{"height":"136","overflow":"scroll"},"cashier_charge_0_1_0":{"margin":"10 15 5 15","size":"15"},"cashier_charge_0_1_1":{"image":"local:xu_line","margin":"5 15 5 15"},"cashier_charge_0_1_2":{"margin":"3 15 3 15","width":"301"},"cashier_charge_0_1_2_0":{"align":"left","color":"rgb(153, 153, 153)","size":"15"},"cashier_charge_0_1_2_1":{"align":"right","color":"rgb(0, 0, 0)","size":"15"},"cashier_charge_0_1_3":{"align":"right","color":"rgb(0, 0, 0)","margin":"3 15 3 15","size":"15"},"cashier_charge_0_1_4":{"image":"local:xu_line","margin":"5 15 5 15"},"cashier_charge_0_1_5":{"margin":"3 15 3 15","width":"301"},"cashier_charge_0_1_5_0":{"align":"left","color":"rgb(153, 153, 153)","size":"15"},"cashier_charge_0_1_5_1":{"align":"right","color":"rgb(0, 0, 0)","size":"15"},"cashier_charge_0_1_6":{"margin":"3 15 3 15","width":"301"},"cashier_charge_0_1_6_0":{"align":"left","color":"rgb(153, 153, 153)","size":"15"},"cashier_charge_0_1_6_1":{"align":"right","color":"rgb(0, 0, 0)","size":"15"},"cashier_charge_0_2_0":{"image":"local:middle_line","margin":"0 0 10 0"},"cashier_charge_0_3_0_0":{"color":"rgb(255, 255, 255);rgb(255, 255, 255);rgb(204, 204, 204)","height":"42","image":"local:normal;local:hover;local:disable_gray","padding":"0 15 0 15","size":"20","submit":"true","width":"301"},"cashier_activity_0_0":{"style":"footerview"},"cashier_activity_0_0_0":{"height":"70","width":"-1"},"cashier_card_validate_0":{"image":"local:bg","width":"301"},"cashier_card_validate_0_0":{"height":"146"},"cashier_card_validate_0_0_0":{"image":"local:middle_line"},"cashier_card_validate_0_0_1":{"align":"center","margin":"15 46 5 46","size":"14"},"cashier_card_validate_0_0_2":{"align":"center","image":"local:inputGroup","margin":"9 15 10 15","size":"17"},"cashier_card_validate_0_0_3":{"color":"rgb(153, 153, 153)","margin":"0 31 10 0","size":"12"},"cashier_card_validate_0_0_4":{"image":"local:middle_line"},"cashier_card_validate_0_1_0_0":{"color":"rgb(255, 255, 255);rgb(255, 255, 255);rgb(204, 204, 204)","height":"42","image":"local:normal;local:hover;local:disable_gray","padding":"0 15 0 15","size":"20","submit":"true","width":"301"},"cashier_payment_open_nopwd_full_0_0":{"style":"headerview"},"cashier_payment_open_nopwd_full_0_0_0":{"image":"local:middle_line"},"cashier_payment_open_nopwd_full_0_0_1":{"width":"-1"},"cashier_payment_open_nopwd_full_0_0_1_0":{"image":"local:sure","margin":"10 15 0 5","padding":"0 0 0 300"},"cashier_payment_open_nopwd_full_0_0_1_1":{"color":"rgb(0, 0, 0)","margin":"10 -300 0 0","size":"12"},"cashier_confirm_goods_0":{"image":"local:bg","width":"301"},"cashier_confirm_goods_0_0_0":{"image":"local:middle_line","margin":"0 15 0 15"},"cashier_confirm_goods_0_1":{"height":"136"},"cashier_confirm_goods_0_1_0":{"height":"136"},"cashier_confirm_goods_0_1_0_0":{"align":"center","vertical-align":"middle","width":"301"},"cashier_confirm_goods_0_1_0_0_0":{"align":"center","margin":"5 15 5 15","size":"20"},"cashier_confirm_goods_0_1_0_0_1":{"align":"center","margin":"5 15 5 15","size":"15"},"cashier_confirm_goods_0_1_0_0_2":{"cursor":"true","image":"local:inputGroup","margin":"5 15 5 15"},"cashier_confirm_goods_0_1_0_0_3":{"cursor":"true","image":"local:minpwd","margin":"5 15 5 15"},"cashier_confirm_goods_0_2_0":{"image":"local:middle_line","margin":"0 15 10 15"},"cashier_confirm_goods_0_3_0_0":{"color":"rgb(0, 0, 0);rgb(0, 0, 0);rgb(204, 204, 204)","height":"42","image":"local:normal_second;local:hover_second;local:disable_second","padding":"0 15 0 0","size":"20","width":"145.5"},"cashier_confirm_goods_0_3_0_1":{"color":"rgb(255, 255, 255);rgb(255, 255, 255);rgb(111, 149, 244)","height":"42","image":"local:normal;local:hover;local:normal","padding":"0 10.5 0 0","size":"20","submit":"true","width":"141"},"cashier_discount_0":{"direction":"vertical","height":"auto","image":"local:bg","width":"90%"},"cashier_discount_0_0":{"margin":"0 0 7 0"},"cashier_discount_0_0_0":{"image":"local:middle_line"},"cashier_discount_0_1":{"height":"142","overflow":"scroll"},"cashier_discount_0_1_0":{"margin":"3 15 3 15"},"cashier_discount_0_1_0_0":{"align":"left","width":"210"},"cashier_discount_0_1_0_0_0":{"align":"left","color":"rgb(153, 153, 153)","size":"13"},"cashier_discount_0_1_0_0_1":{"align":"left","color":"rgb(153, 153, 153)","size":"13"},"cashier_discount_0_1_0_1":{"align":"right","color":"rgb(0, 0, 0)","size":"13","vertical-align":"middle"},"cashier_discount_0_1_1":{"image":"local:xu_line","margin":"7 15 7 15"},"cashier_discount_0_1_2":{"margin":"3 15 3 15"},"cashier_discount_0_1_2_0":{"align":"left","color":"rgb(153, 153, 153)","size":"15"},"cashier_discount_0_1_2_1":{"align":"right","color":"rgb(0, 0, 0)","size":"15"},"cashier_discount_0_1_3":{"margin":"3 15 3 15"},"cashier_discount_0_1_3_0":{"align":"left","color":"rgb(153, 153, 153)","size":"15"},"cashier_discount_0_1_3_1":{"align":"right","color":"rgb(0, 0, 0)","size":"15"},"cashier_discount_0_1_4":{"image":"local:xu_line","margin":"3 15 3 15"},"cashier_discount_0_1_5":{"margin":"3 15 3 15"},"cashier_discount_0_1_5_0":{"align":"left","color":"rgb(153, 153, 153)","size":"15"},"cashier_discount_0_1_5_1":{"align":"right","color":"rgb(0, 0, 0)","size":"15"},"cashier_discount_0_2_0":{"image":"local:middle_line","margin":"0 0 10 0","height":"0.5"},"cashier_discount_0_3":{"margin":"0 15 0 15"},"cashier_discount_0_3_0_0":{"align":"left","color":"rgb(153, 153, 153)","size":"15"},"cashier_discount_0_3_0_1":{"align":"right","margin":"-8 0 0 15","size":"25"},"cashier_discount_0_3_0_2":{"align":"right","size":"15"},"cashier_setspwd_0_0":{"style":"headerview"},"cashier_setspwd_0_0_0":{"align":"center","margin":"15 0 20 0","text-align":"center"},"cashier_setspwd_0_0_1":{"image":"local:minipwd_big","margin":"0 10 10 10"},"cashier_setspwd_0_0_2":{"align":"center","margin":"0 0 0 0"},"cashier_setspwd_0_0_2_0":{"size":"13"},"cashier_setspwd_0_0_2_1":{"color":"rgb(38, 129, 215)","size":"13","underline":"false"},"recommend_setspwd_0":{"image":"local:bg"},"recommend_setspwd_0_0":{"height":"198"},"recommend_setspwd_0_0_0":{"height":"0.5","image":"local:middle_line","margin":"0 0 0 0"},"recommend_setspwd_0_0_1":{"align":"center","height":"70"},"recommend_setspwd_0_0_1_0":{"image":"local:sure","vertical-align":"middle"},"recommend_setspwd_0_0_1_1":{"color":"rgb(0, 0, 0)","margin":"0 10 0 0","size":"16","vertical-align":"middle"},"recommend_setspwd_0_0_2":{"align":"center","color":"rgb(0, 0, 0)","margin":"0 50 15 50","size":"13"},"recommend_setspwd_0_0_3":{"cursor":"true","keyboard":"num","margin":"0 15 15 15"},"recommend_setspwd_repeat_0":{"image":"local:bg"},"recommend_setspwd_repeat_0_0":{"height":"198"},"recommend_setspwd_repeat_0_0_0":{"height":"0.5","image":"local:middle_line","margin":"0 0 0 0"},"recommend_setspwd_repeat_0_0_1":{"align":"center","color":"rgb(0, 0, 0)","margin":"20 0 20 0","size":"14"},"recommend_setspwd_repeat_0_0_2":{"cursor":"true","keyboard":"num","margin":"0 15 5 15"},"recommend_setspwd_repeat_0_0_3":{"margin":"0 17 10 0","width":"301"},"recommend_setspwd_repeat_0_0_3_0":{"image":"local:sure","margin":"10 15 0 5","padding":"0 0 0 300"},"recommend_setspwd_repeat_0_0_3_1":{"color":"rgb(0, 0, 0)","margin":"10 -300 0 0","size":"12"},"recommend_setspwd_repeat_0_0_4":{"height":"0.5","image":"local:middle_line","margin":"0 0 10 0"},"recommend_setspwd_repeat_0_0_5":{"color":"rgb(255, 255, 255);rgb(255, 255, 255);rgb(204, 204, 204)","height":"42","image":"local:normal;local:hover;local:disable_gray","padding":"0 15 0 15","size":"20","submit":"true","width":"301"},"cashier_payment_open_nopwd_0":{"image":"local:bg","width":"301"},"cashier_payment_open_nopwd_0_0":{"height":"183"},"cashier_payment_open_nopwd_0_0_0":{"align":"center","height":"42","margin":"52.5 0 15 0"},"cashier_payment_open_nopwd_0_0_0_0":{"image":"local:sure","margin":"0 0 0 10"},"cashier_payment_open_nopwd_0_0_0_1":{"color":"rgb(0, 0, 0)","margin":"5.5 0 0 0","size":"16"},"cashier_payment_open_nopwd_0_0_1":{"margin":"0 17 0 0","width":"301"},"cashier_payment_open_nopwd_0_0_1_0":{"image":"local:check;local:check_selected;local:check_disable","margin":"11 15 0 5","padding":"0 0 0 300"},"cashier_payment_open_nopwd_0_0_1_1":{"color":"rgb(0, 0, 0)","margin":"10 -300 0 0","size":"12"},"cashier_payment_open_nopwd_0_1_0":{"image":"local:middle_line","margin":"0 0 10 0"},"cashier_payment_open_nopwd_0_2_0_0":{"color":"rgb(255, 255, 255);rgb(255, 255, 255);rgb(204, 204, 204)","height":"42","image":"local:normal;local:hover;local:disable_gray","padding":"0 15 0 15","size":"20","submit":"true","width":"301"},"front_switch_channel_0_0_0":{"height":"55","margin":"0 15 0 0"},"front_switch_channel_0_0_0_0":{"vertical-align":"middle","width":"250"},"front_switch_channel_0_0_0_0_0_0":{"size":"16"},"front_switch_channel_0_0_0_0_0_0_gray":{"size":"16","color":"rgb(153, 153, 153)"},"front_switch_channel_0_0_0_0_1":{"color":"rgb(153, 153, 153)","margin":"6 0 0 0","size":"12"},"front_switch_channel_0_0_0_1":{"align":"right","color":"rgb(153, 153, 153)","margin":"21 0 0 15","size":"12"},"frontpay_cashier_init_0":{"image":"local:bg","width":"301","height":"192"},"frontpay_cashier_init_0_0_0":{"image":"local:middle_line","margin":"0 15 10 15"},"frontpay_cashier_init_0_1_0":{"height":"77"},"frontpay_cashier_init_0_1_0_0":{"vertical-align":"middle"},"frontpay_cashier_init_0_1_0_0_0":{"height":"70"},"frontpay_cashier_init_0_1_0_0_0_0":{"align":"center","color":"rgb(0, 0, 0)","margin":"0 0 0 0","size":"20","vertical-align":"middle"},"frontpay_cashier_init_0_1_0_0_1":{"align":"center","cursor":"true","margin":"0 15 5 15"},"frontpay_cashier_init_0_1_0_0_2":{"align":"center","cursor":"true","margin":"0 15 0.5 15"},"frontpay_cashier_init_0_2_0":{"image":"local:middle_line","margin":"0 15 10 15"},"frontpay_cashier_init_0_3_0_0":{"color":"rgb(0, 0, 0);rgb(0, 0, 0);rgb(204, 204, 204)","height":"42","image":"local:normal_second;local:hover_second;local:disable_second","padding":"0 15 0 0","size":"20","width":"145.5"},"frontpay_cashier_init_0_3_0_1":{"color":"rgb(255, 255, 255);rgb(255, 255, 255);rgb(111, 149, 244)","height":"42","image":"local:normal;local:hover;local:normal","padding":"0 10.5 0 0","size":"20","submit":"true","width":"141"},"frontpay_limit_query_0_0":{"height":"85","style":"headerview"},"frontpay_limit_query_0_0_0":{"color":"rgb(255, 255, 255)","height":"65","vertical-align":"middle"},"frontpay_limit_query_0_0_0_0":{"image":"local:info","margin":"15 0 0 0","padding":"4 10 0 10"},"frontpay_limit_query_0_0_0_1":{"color":"rgb(0, 0, 0)","margin":"15 0 0 15","padding":"0 0 0 15","size":"16"},"frontpay_limit_query_0_0_1":{"image":"local:middle_line"},"frontpay_limit_query_0_1":{"margin":"20 20 20 20"},"frontpay_limit_query_0_1_0":{"height":"55","margin":"0 15 0 0","style":"cell"},"frontpay_limit_query_0_1_0_0":{"vertical-align":"middle","width":"250"},"frontpay_limit_query_0_1_0_0_0":{"margin":"0 0 0 0"},"frontpay_limit_query_0_1_0_0_0_0":{"color":"rgb(0, 0, 0)","size":"16"},"frontpay_limit_query_0_1_0_0_1":{"color":"rgb(153, 153, 153)","margin":"5 0 0 0","size":"12"},"cashier_pre_confirm_0_0":{"height":"95","padding":"15 0 0 0","width":"-1"},"cashier_pre_confirm_0_0_0_0":{"align":"center","height":"16","margin":"18 14 4 14"},"cashier_pre_confirm_0_0_0_0_0":{"align":"left","color":"rgb(153, 153, 153)","size":"15"},"cashier_pre_confirm_0_0_0_0_1":{"align":"right","color":"rgb(0, 0, 0)","size":"15"},"cashier_pre_confirm_0_0_0_1":{"align":"center","height":"38","margin":"4 14 0 14"},"cashier_pre_confirm_0_0_0_1_0":{"align":"left","color":"rgb(153, 153, 153)","size":"15"},"cashier_pre_confirm_0_0_0_1_1":{"align":"right","color":"rgb(0, 0, 0)","size":"15"},"cashier_pre_confirm_0_1_0":{"height":"20","style":"headerview"},"cashier_pre_confirm_0_1_1_0_0":{"align":"center","height":"54","margin":"0 15 0 15"},"cashier_pre_confirm_0_1_1_0_0_0":{"align":"left","color":"rgb(153, 153, 153)","size":"15","vertical-align":"middle"},"cashier_pre_confirm_0_1_1_0_0_1":{"align":"right","color":"rgb(0, 0, 0)","margin":"0 0 0 22","size":"15","vertical-align":"middle"},"cashier_pre_confirm_0_1_1_0_0_2":{"align":"right","image":"local:arrow_down","vertical-align":"middle"},"cashier_pre_confirm_0_1_1_1_0":{"align":"center"},"cashier_pre_confirm_0_1_1_1_0_0":{"margin":"0 15 0 15"},"cashier_pre_confirm_0_1_1_1_0_0_0":{"height":"15.5"},"cashier_pre_confirm_0_1_1_1_0_0_1":{"margin":"3 0 3 0"},"cashier_pre_confirm_0_1_1_1_0_0_1_0":{"align":"left","color":"rgb(153, 153, 153)","size":"15"},"cashier_pre_confirm_0_1_1_1_0_0_1_1":{"align":"right","color":"rgb(0, 0, 0)","size":"15"},"cashier_pre_confirm_0_1_1_1_0_0_2":{"height":"15.5"},"cashier_pre_confirm_0_1_2":{"align":"center"},"cashier_pre_confirm_0_1_2_0":{"margin":"0 15 0 15"},"cashier_pre_confirm_0_1_2_0_0":{"height":"11"},"cashier_pre_confirm_0_1_2_0_1":{"align":"center","margin":"3 0 3 0"},"cashier_pre_confirm_0_1_2_0_1_0":{"align":"left","color":"rgb(153, 153, 153)","size":"15"},"cashier_pre_confirm_0_1_2_0_1_1":{"align":"right","color":"rgb(0, 0, 0)","size":"15"},"cashier_pre_confirm_0_1_2_0_2":{"height":"11"},"cashier_pre_confirm_0_1_3":{"align":"center","height":"55","margin":"0 15 0 15"},"cashier_pre_confirm_0_1_3_0":{"align":"left","color":"rgb(153, 153, 153)","size":"15","vertical-align":"middle"},"cashier_pre_confirm_0_1_3_1":{"align":"right","color":"rgb(0, 0, 0)","margin":"0 0 0 18","size":"35","vertical-align":"middle"},"cashier_pre_confirm_0_1_3_2":{"align":"right","color":"rgb(0, 0, 0)","margin":"4 0 0 0","size":"18","vertical-align":"middle"},"cashier_pre_confirm_0_1_4":{"color":"rgb(254, 254, 201)","padding":"0 0 0 0","style":"footerview","width":"-1"},"cashier_pre_confirm_0_1_4_0":{"align":"left","color":"rgb(255, 102, 2)","margin":"3 14 3 0","size":"12"},"cashier_pre_confirm_0_2":{"style":"footerview"},"cashier_pre_confirm_0_2_0":{"color":"rgb(255, 255, 255);rgb(255, 255, 255);rgb(204, 204, 204)","height":"42","image":"local:normal;local:hover;local:disable_gray","margin":"20 10 0 10","size":"20","submit":"true","width":"-1"},"cashier_pre_confirm_0_2_1":{"color":"rgb(153, 153, 153)","margin":"10 13 0 10","size":"12"},"cashier_pre_confirm_0_2_2":{"margin":"20 15 0 0"},"cashier_pre_confirm_0_2_2_0":{"image":"local:check;local:check_selected;local:check_disable","margin":"-16 -20 -20 -20","padding":"20 20 20 20"},"cashier_pre_confirm_0_2_2_1":{"color":"rgb(153, 153, 153)","margin":"0 7.5 0 0","size":"13"},"cashier_pre_confirm_0_2_2_2":{"color":"rgb(0, 170, 255)","size":"13"},"cashier_pre_confirm_0_2_3":{"color":"rgb(153, 153, 153)","size":"12","margin":"10 15 0 0"},"open_pwd_check_0":{"allowBack":"false","exit":"是否放弃付款?","height":"210","image":"local:bg","width":"301"},"open_pwd_check_0_small":{"allowBack":"false","exit":"是否放弃付款?","height":"180","image":"local:bg","width":"301"},"open_pwd_check_0_0":{"height":"112"},"open_pwd_check_0_0_small":{"height":"82"},"open_pwd_check_0_0_0":{"image":"local:middle_line","margin":"0 15 0 15"},"open_pwd_check_0_0_1":{"margin":"15 0 0 0","size":"16","align":"center"},"open_pwd_check_0_0_2":{"image":"local:input","margin":"21 15 0 15"},"open_pwd_check_0_0_3":{"image":"local:minpwd","margin":"21 15 0 15"},"open_pwd_check_0_1_0_0":{"color":"rgb(0, 0, 0);rgb(0, 0, 0);rgb(204, 204, 204)","height":"42","image":"local:normal_second;local:hover_second;local:disable_second","padding":"0 15 0 0","size":"20","width":"145.5"},"open_pwd_check_0_1_0_1":{"color":"rgb(255, 255, 255);rgb(255, 255, 255);rgb(111, 149, 244)","height":"42","image":"local:normal;local:hover;local:normal","padding":"0 10.5 0 0","size":"20","submit":"true","width":"141"},"cashier_second_confirm_0":{"allowBack":"false","exit":"是否放弃付款？","height":"236","image":"local:bg","width":"301"},"cashier_second_confirm_0_0_0":{"height":"72"},"cashier_second_confirm_0_0_0_0_0":{"image":"local:middle_line","margin":"0 15 0 15"},"cashier_second_confirm_0_0_0_0_1":{"height":"71"},"cashier_second_confirm_0_0_0_0_1_0":{"color":"rgb(0, 0, 0)","margin":"0 15 0 0","size":"14","vertical-align":"middle","width":"250"},"cashier_second_confirm_0_0_0_0_1_0_0":{"color":"rgb(0, 0, 0)"},"cashier_second_confirm_0_0_0_0_1_0_1":{"color":"rgb(255, 98, 6)"},"cashier_second_confirm_0_0_0_0_1_0_2":{"color":"rgb(0, 0, 0)"},"cashier_second_confirm_0_0_0_0_1_1":{"align":"right","content":"redpoint","image":"local:red","margin":"0 0 0 32","vertical-align":"middle"},"cashier_second_confirm_0_0_0_0_1_2":{"align":"right","image":"local:goto","margin":"0 0 0 16","vertical-align":"middle"},"cashier_second_confirm_0_0_0_0_2":{"image":"local:middle_line","margin":"0 15 0 15"},"cashier_second_confirm_0_0_1":{"height":"67"},"cashier_second_confirm_0_0_1_0_0":{"cursor":"true","image":"local:input","margin":"14 15 0 15"},"cashier_second_confirm_0_0_1_0_1":{"cursor":"true","image":"local:minpwd","margin":"14 15 0 15"},"cashier_second_confirm_0_1_0_0":{"color":"rgb(0, 0, 0);rgb(0, 0, 0);rgb(204, 204, 204)","height":"42","image":"local:normal_second;local:hover_second;local:disable_second","padding":"0 15 0 0","size":"20","width":"145.5"},"cashier_second_confirm_0_1_0_1":{"color":"rgb(255, 255, 255);rgb(255, 255, 255);rgb(111, 149, 244)","height":"42","image":"local:normal;local:hover;local:normal","padding":"0 10.5 0 0","size":"20","submit":"true","width":"141"},"public_service_confirm_0_0_0":{"align":"center","height":"51"},"public_service_confirm_0_0_0_0":{"align":"left","filter":"corner(16)","height":"32","margin":"0 10 0 0","vertical-align":"middle","width":"42"},"public_service_confirm_0_0_0_1":{"color":"rgb(0, 0, 0)","margin":"0 10 0 0","size":"15","vertical-align":"middle"},"public_service_confirm_0_1":{"height":"95","padding":"15 0 0 0","width":"-1"},"public_service_confirm_0_1_0":{"height":"20","style":"headerview"},"public_service_confirm_0_1_1_0":{"align":"center","height":"16","margin":"18 14 4 14"},"public_service_confirm_0_1_1_0_0":{"align":"left","color":"rgb(153, 153, 153)","size":"15"},"public_service_confirm_0_1_1_0_1":{"align":"right","color":"rgb(0, 0, 0)","size":"15"},"public_service_confirm_0_1_1_1":{"align":"center","height":"38","margin":"4 14 0 14"},"public_service_confirm_0_1_1_1_0":{"align":"left","color":"rgb(153, 153, 153)","size":"15"},"public_service_confirm_0_1_1_1_1":{"align":"right","color":"rgb(0, 0, 0)","size":"15"},"public_service_confirm_0_2_0":{"height":"20","style":"headerview"},"public_service_confirm_0_2_1_0_0":{"align":"center","height":"54","margin":"0 15 0 15"},"public_service_confirm_0_2_1_0_0_0":{"align":"left","color":"rgb(153, 153, 153)","size":"15","vertical-align":"middle"},"public_service_confirm_0_2_1_0_0_1":{"align":"right","color":"rgb(0, 0, 0)","margin":"0 0 0 22","size":"15","vertical-align":"middle"},"public_service_confirm_0_2_1_0_0_2":{"align":"right","image":"local:arrow_down","vertical-align":"middle"},"public_service_confirm_0_2_1_1_0":{"align":"center"},"public_service_confirm_0_2_1_1_0_0":{"margin":"0 15 0 15"},"public_service_confirm_0_2_1_1_0_0_0":{"height":"15.5"},"public_service_confirm_0_2_1_1_0_0_1":{"margin":"3 0 3 0"},"public_service_confirm_0_2_1_1_0_0_1_0":{"align":"left","color":"rgb(153, 153, 153)","size":"15"},"public_service_confirm_0_2_1_1_0_0_1_1":{"align":"right","color":"rgb(0, 0, 0)","size":"15"},"public_service_confirm_0_2_1_1_0_0_2":{"height":"15.5"},"public_service_confirm_0_2_2":{"align":"center"},"public_service_confirm_0_2_2_0":{"margin":"0 15 0 15"},"public_service_confirm_0_2_2_0_0":{"height":"11"},"public_service_confirm_0_2_2_0_1":{"align":"center","margin":"3 0 3 0"},"public_service_confirm_0_2_2_0_1_0":{"align":"left","color":"rgb(153, 153, 153)","size":"15"},"public_service_confirm_0_2_2_0_1_1":{"align":"right","color":"rgb(0, 0, 0)","size":"15"},"public_service_confirm_0_2_2_0_2":{"height":"11"},"public_service_confirm_0_2_3":{"align":"center","height":"55","margin":"0 15 0 15"},"public_service_confirm_0_2_3_0":{"align":"left","color":"rgb(153, 153, 153)","size":"15","vertical-align":"middle"},"public_service_confirm_0_2_3_1":{"align":"right","color":"rgb(0, 0, 0)","margin":"0 0 0 18","size":"15","vertical-align":"middle"},"public_service_confirm_0_2_3_2":{"align":"right","color":"rgb(0, 0, 0)","margin":"4 0 0 0","size":"18","vertical-align":"middle"},"public_service_confirm_0_2_3_3":{"align":"right","color":"rgb(0, 0, 0)","margin":"0 0 0 18","size":"35","vertical-align":"middle"},"public_service_confirm_0_2_4":{"color":"rgb(254, 254, 201)","padding":"0 0 0 0","style":"footerview","width":"-1"},"public_service_confirm_0_2_4_0":{"align":"left","color":"rgb(255, 102, 2)","margin":"3 14 3 0","size":"12"},"public_service_confirm_0_3":{"style":"footerview"},"public_service_confirm_0_3_0":{"color":"rgb(255, 255, 255);rgb(255, 255, 255);rgb(204, 204, 204)","height":"42","image":"local:normal;local:hover;local:disable_gray","margin":"20 10 0 10","size":"20","submit":"true","width":"-1"},"public_service_confirm_0_3_1":{"color":"rgb(153, 153, 153)","margin":"10 13 0 10","size":"12"},"public_service_confirm_select_0_0_0":{"align":"center","height":"51"},"public_service_confirm_select_0_0_0_0":{"align":"left","filter":"corner(16)","height":"32","margin":"0 10 0 0","vertical-align":"middle","width":"42"},"public_service_confirm_select_0_0_0_1":{"color":"rgb(0, 0, 0)","margin":"0 10 0 0","size":"15","vertical-align":"middle"},"public_service_confirm_select_0_1":{"height":"95","padding":"15 0 0 0","width":"-1"},"public_service_confirm_select_0_1_0":{"height":"20","style":"headerview"},"public_service_confirm_select_0_1_1_0":{"align":"center","height":"16","margin":"18 14 4 14"},"public_service_confirm_select_0_1_1_0_0":{"align":"left","color":"rgb(153, 153, 153)","size":"15"},"public_service_confirm_select_0_1_1_0_1":{"align":"right","color":"rgb(0, 0, 0)","size":"15"},"public_service_confirm_select_0_1_1_1":{"align":"center","height":"38","margin":"4 14 0 14"},"public_service_confirm_select_0_1_1_1_0":{"align":"left","color":"rgb(153, 153, 153)","size":"15"},"public_service_confirm_select_0_1_1_1_1":{"align":"right","color":"rgb(0, 0, 0)","size":"15"},"public_service_confirm_select_0_2_0":{"height":"20","style":"headerview"},"public_service_confirm_select_0_2_1":{"padding":"0 0 0 0"},"public_service_confirm_select_0_2_1_0":{"align":"center","height":"45","margin":"0 15 0 15"},"public_service_confirm_select_0_2_1_0_0":{"align":"left","image":"local:uncheck_channal;local:check_channal;local:check_channal","vertical-align":"middle","margin":"-20 -20 -20 -120","padding":"20 20 20 120"},"public_service_confirm_select_0_2_1_0_1":{"width":"200","align":"left","color":"rgb(153, 153, 153)","margin":"0 15 0 0","size":"15","vertical-align":"middle"},"public_service_confirm_select_0_2_1_0_2":{"align":"right","color":"rgb(0, 0, 0)","margin":"0 0 0 0","size":"15","vertical-align":"middle","width":"200"},"public_service_confirm_select_0_2_1_1":{"image":"local:middle_line","margin":"0 44 0 0"},"public_service_confirm_select_0_2_1_2":{"align":"center","height":"45","margin":"0 15 0 15"},"public_service_confirm_select_0_2_1_2_0":{"align":"left","image":"local:uncheck_channal;local:check_channal;local:uncheck_channal","vertical-align":"middle","margin":"-20 -20 -20 -120","padding":"20 20 20 120"},"public_service_confirm_select_0_2_1_2_1":{"align":"left","color":"rgb(153, 153, 153)","margin":"0 15 0 0","size":"15","vertical-align":"middle"},"public_service_confirm_select_0_2_1_2_2":{"align":"right","color":"rgb(0, 0, 0)","margin":"0 0 0 0","size":"15","vertical-align":"middle","width":"200"},"public_service_confirm_select_0_2_2_0_0":{"align":"center","height":"54","margin":"0 15 0 15"},"public_service_confirm_select_0_2_2_0_0_0":{"align":"left","color":"rgb(153, 153, 153)","size":"15","vertical-align":"middle"},"public_service_confirm_select_0_2_2_0_0_1":{"align":"right","color":"rgb(0, 0, 0)","margin":"0 0 0 22","size":"15","vertical-align":"middle","width":"240"},"public_service_confirm_select_0_2_2_0_0_2":{"align":"right","image":"local:arrow_down","vertical-align":"middle"},"public_service_confirm_select_0_2_2_1_0":{"align":"center"},"public_service_confirm_select_0_2_2_1_0_0":{"margin":"0 15 0 15"},"public_service_confirm_select_0_2_2_1_0_0_0":{"height":"15.5"},"public_service_confirm_select_0_2_2_1_0_0_1":{"margin":"3 0 3 0"},"public_service_confirm_select_0_2_2_1_0_0_1_0":{"align":"left","color":"rgb(153, 153, 153)","size":"15"},"public_service_confirm_select_0_2_2_1_0_0_1_1":{"align":"right","color":"rgb(0, 0, 0)","size":"15","width":"240"},"public_service_confirm_select_0_2_2_1_0_0_2":{"height":"15.5"},"public_service_confirm_select_0_2_3":{"align":"center"},"public_service_confirm_select_0_2_3_0":{"margin":"0 15 0 15"},"public_service_confirm_select_0_2_3_0_0":{"height":"11"},"public_service_confirm_select_0_2_3_0_1":{"align":"center","margin":"3 0 3 0"},"public_service_confirm_select_0_2_3_0_1_0":{"align":"left","color":"rgb(153, 153, 153)","size":"15"},"public_service_confirm_select_0_2_3_0_1_1":{"align":"right","color":"rgb(0, 0, 0)","size":"15"},"public_service_confirm_select_0_2_3_0_2":{"height":"11"},"public_service_confirm_select_0_2_4":{"align":"center","height":"55","margin":"0 15 0 15"},"public_service_confirm_select_0_2_4_0":{"align":"left","color":"rgb(153, 153, 153)","size":"15","vertical-align":"middle"},"public_service_confirm_select_0_2_4_1":{"align":"right","color":"rgb(0, 0, 0)","margin":"0 0 0 18","size":"15","vertical-align":"middle"},"public_service_confirm_select_0_2_4_2":{"align":"right","color":"rgb(0, 0, 0)","margin":"4 0 0 0","size":"18","vertical-align":"middle"},"public_service_confirm_select_0_2_4_3":{"align":"right","color":"rgb(0, 0, 0)","margin":"0 0 0 18","size":"35","vertical-align":"middle","width":"240"},"public_service_confirm_select_0_2_5":{"color":"rgb(254, 254, 201)","padding":"0 0 0 0","style":"footerview","width":"-1"},"public_service_confirm_select_0_2_5_0":{"align":"left","color":"rgb(255, 102, 2)","margin":"3 14 3 0","size":"12"},"public_service_confirm_select_0_3":{"style":"footerview"},"public_service_confirm_select_0_3_0":{"color":"rgb(255, 255, 255);rgb(255, 255, 255);rgb(204, 204, 204)","height":"42","image":"local:normal;local:hover;local:disable_gray","margin":"20 10 0 10","size":"20","submit":"true","width":"-1"},"public_service_confirm_select_0_3_1":{"color":"rgb(153, 153, 153)","margin":"10 13 0 10","size":"12"},"select_country_and_area_0":{"allowBack":"false"},"select_country_and_area_0_0_0":{"height":"45","margin":"0 15 0 15","move":"true","style":"cell"},"select_country_and_area_0_0_0_0":{"color":"rgb(0, 0, 0)","margin":"0 0 0 0","size":"15","vertical-align":"middle"},"select_country_and_area_0_0_0_1":{"align":"right","color":"rgb(153, 153, 153)","margin":"0 0 0 0","size":"15","vertical-align":"middle"},"cashier_complete_payment_pwd_0":{"allowBack":"true"},"cashier_complete_payment_pwd_0_0":{"height":"85","style":"headerview"},"cashier_complete_payment_pwd_0_0_0":{"color":"rgb(255, 255, 255)","height":"65","width":"-1"},"cashier_complete_payment_pwd_0_0_0_0":{"align":"left","image":"local:info","margin":"0 10 0 10","vertical-align":"middle"},"cashier_complete_payment_pwd_0_0_0_1":{"color":"rgb(51, 51, 51)","size":"15","vertical-align":"middle"},"cashier_complete_payment_pwd_0_0_1":{"height":"1","image":"local:middle_line","margin":"0 0 50 0","padding":"0 0 0 0"},"cashier_complete_payment_pwd_0_1":{"height":"80"},"cashier_complete_payment_pwd_0_1_0":{"align":"left","color":"rgb(0, 0, 0)","height":"45","margin":"0 6 0 0","size":"15","style":"cell","format":"^.{6,20}$","format_msg":"密码长度必须为6-20位"},"cashier_complete_payment_pwd_0_1_1":{"align":"left","color":"rgb(170, 170, 170)","margin":"0 0 0 0","padding":"5 15 -5 0","size":"13","style":"footerview","underline":"false"},"cashier_complete_payment_pwd_0_2":{"style":"footerview"},"cashier_complete_payment_pwd_0_2_0":{"color":"rgb(255, 255, 255);rgb(255, 255, 255);rgb(204, 204, 204)","height":"42","image":"local:normal;local:hover;local:disable_gray","margin":"20 10 0 10","size":"15","submit":"true","width":"-1"},"cashier_phone_login_0":{"allowBack":"false","direction":"vertical","exit":"是否放弃付款？","height":"auto","image":"local:bg","width":"90%"},"cashier_phone_login_0_0":{"height":"15","style":"headerview"},"cashier_phone_login_0_1_0":{"height":"45","margin":"0 0 0 0","style":"cell"},"cashier_phone_login_0_1_0_0":{"margin":"0 15 0 0","size":"16","vertical-align":"middle"},"cashier_phone_login_0_1_0_1":{"align":"right","color":"rgb(153, 153, 153)","margin":"0 0 0 31","size":"14","vertical-align":"middle"},"cashier_phone_login_0_1_0_2":{"align":"right","image":"local:goto","margin":"0 0 0 15","vertical-align":"middle"},"cashier_phone_login_0_1_1":{"cursor":"true","format_msg":"请输入正确的手机号码","height":"45","keyboard":"num","margin":"0 6 0 9","size":"16","style":"cell"},"cashier_phone_login_0_1_2":{"height":"0.1","style":"footerview"},"cashier_phone_login_0_2":{"style":"footerview"},"cashier_phone_login_0_2_0":{"color":"rgb(255, 255, 255);rgb(255, 255, 255);rgb(204, 204, 204)","height":"42","image":"local:normal;local:hover;local:disable_gray","margin":"20 10 0 10","size":"20","submit":"true","width":"-1"},"cashier_phone_login_0_2_1":{"color":"rgb(0, 170, 255)","margin":"6 15 0 0","size":"13"},"select_country_and_area_enhance_0_0":{"style":"headerview","width":"-1","height":"-1"},"select_country_and_area_enhance_0_0_0":{},"setting_home_0":{"allowBack":"false","direction":"vertical","exit":"是否放弃付款？","height":"auto","image":"local:bg","width":"90%"},"setting_home_0_0":{"height":"15","style":"headerview","width":"-1"},"setting_home_0_1_0":{"height":"0","style":"headerview"},"setting_home_0_1_1":{"height":"45","margin":"0 0 0 0","style":"cell"},"setting_home_0_1_1_0":{"margin":"0 15 0 0","size":"16","vertical-align":"middle"},"setting_home_0_1_1_1":{"align":"right","image":"local:goto","margin":"0 0 0 15","vertical-align":"middle"},"setting_home_0_1_2":{"height":"15","style":"footerview"},"setting_home_0_2_0":{"height":"45","margin":"0 0 0 0","style":"cell"},"setting_home_0_2_0_0":{"margin":"0 15 0 0","size":"16","vertical-align":"middle"},"setting_home_0_2_0_1":{"align":"right","color":"rgb(0, 170, 255)","margin":"0 0 0 31","size":"14","vertical-align":"middle"},"setting_home_0_2_0_2":{"align":"right","image":"local:goto","margin":"0 0 0 15","vertical-align":"middle"},"setting_home_0_2_1":{"color":"rgb(153, 153, 153)","margin":"8 14 18 0","padding":"8 14 18 0","size":"13","style":"footerview"},"setting_home_0_3_0":{"height":"45","margin":"0 0 0 0","style":"cell"},"setting_home_0_3_0_0":{"margin":"0 15 0 0","size":"16","vertical-align":"middle"},"setting_home_0_3_0_1":{"align":"right","margin":"0 0 0 15","vertical-align":"middle"},"setting_home_0_3_1":{"color":"rgb(153, 153, 153)","margin":"8 14 18 0","padding":"8 14 18 0","size":"13","style":"footerview"},"setting_home_0_4_0":{"height":"45","margin":"0 0 0 0","style":"cell"},"setting_home_0_4_0_0":{"margin":"0 15 0 0","size":"16","vertical-align":"middle"},"setting_home_0_4_0_1":{"align":"right","margin":"0 0 0 15","vertical-align":"middle"},"setting_home_0_4_1":{"color":"rgb(153, 153, 153)","margin":"8 14 18 0","padding":"8 14 18 0","size":"13","style":"footerview"},"setting_nopwd_0":{"allowBack":"false","direction":"vertical","exit":"是否放弃付款？","height":"auto","image":"local:bg","width":"90%"},"setting_nopwd_0_0":{"height":"15","style":"headerview","width":"-1"},"setting_nopwd_0_1_0":{"height":"45","margin":"0 0 0 0","style":"cell"},"setting_nopwd_0_1_0_0":{"margin":"0 15 0 0","size":"16","vertical-align":"middle"},"setting_nopwd_0_1_0_1":{"align":"right","margin":"0 0 0 15","vertical-align":"middle"},"setting_nopwd_0_1_1":{"margin":"0 0 0 0","style":"cell"},"setting_nopwd_0_2":{"style":"footerview"},"setting_nopwd_0_2_0":{"color":"rgb(153, 153, 153)","margin":"10 14 0 0","size":"13"},"setting_channel_0":{"scroll":"true"},"setting_channel_0_0_0":{"color":"rgb(153, 153, 153)","padding":"0 15 10 0","size":"12","style":"headerview"},"setting_channel_0_0_1":{"height":"45","margin":"0 15 0 15","style":"cell"},"setting_channel_0_0_2":{"height":"10","style":"footerview"},"setting_channel_0_0_1_0":{"color":"rgb(0, 0, 0)","margin":"0 0 0 0","size":"17","vertical-align":"middle"},"setting_channel_0_0_1_1":{"align":"right","margin":"0 0 0 0","vertical-align":"middle"},"setting_channel_0_1":{"edit":"true"},"setting_channel_0_1_0":{"height":"45","margin":"0 15 0 0","style":"cell"},"setting_channel_0_1_0_0":{"color":"rgb(0, 0, 0)","margin":"0 0 0 0","size":"17","vertical-align":"middle"},"setting_channel_0_2_0":{"color":"rgb(153, 153, 153)","padding":"5 15 20 0","size":"12","style":"headerview"},"setting_channel_0_2_1":{"height":"45","margin":"0 15 0 15","style":"cell"},"setting_channel_0_2_1_0":{"color":"rgb(0, 0, 0)","margin":"0 0 0 0","size":"17","vertical-align":"middle"},"setting_channel_0_2_1_1":{"align":"right","default":"false","margin":"0 0 0 0","vertical-align":"middle"},"setting_channel_0_2_2":{"height":"45","margin":"0 15 0 15","style":"cell"},"setting_channel_0_2_2_0":{"color":"rgb(0, 0, 0)","margin":"0 0 0 0","size":"17","vertical-align":"middle"},"setting_channel_0_2_2_1":{"align":"right","color":"rgb(143, 143, 149)","margin":"0 0 0 0","size":"17","vertical-align":"middle"},"setting_channel_0_2_3":{"color":"rgb(153, 153, 153)","padding":"10 15 0 0","size":"12","style":"footerview"},"setting_myalipay_payment_0_1_0":{"align":"center","height":"60"},"setting_myalipay_payment_0_1_0_0":{"align":"left","filter":"corner(3)","height":"46","margin":"0 10 0 0","vertical-align":"middle","width":"56"},"setting_myalipay_payment_0_1_0_1":{"margin":"0 10 0 0","vertical-align":"middle"},"setting_myalipay_payment_0_1_0_1_0":{"color":"rgb(0, 0, 0)","margin":"0 0 6 0","size":"15"},"setting_myalipay_payment_0_1_0_1_1":{"color":"rgb(153, 153, 153)","size":"15"},"setting_myalipay_payment_0_2":{"padding":"0 0 0 0","width":"-1"},"setting_myalipay_payment_0_2_0":{"color":"rgb(153, 153, 153)","height":"40","padding":"15 10 15 15","size":"12","style":"headerview"},"setting_myalipay_payment_0_2_1":{"height":"45"},"setting_myalipay_payment_0_2_1_0":{"align":"left","margin":"0 15 0 0","vertical-align":"middle"},"setting_myalipay_payment_0_2_1_1":{"align":"right","image":"local:goto","margin":"0 0 0 15","vertical-align":"middle"},"setting_myalipay_payment_0_2_2":{"height":"45"},"setting_myalipay_payment_0_2_2_0":{"align":"left","margin":"0 15 0 0","vertical-align":"middle"},"setting_myalipay_payment_0_2_2_1":{"align":"right","image":"local:goto","margin":"0 0 0 15","vertical-align":"middle"},"setting_all_cards_0_0_0_0":{"align":"left","image":"local:back","margin":"0 -23 0 0","padding":"20 20 20 20"},"setting_all_cards_0_0_0_1":{"vertical-align":"middle","width":"150"},"setting_all_cards_0_0_0_1_0":{"align":"center","color":"rgb(255, 255, 255)","margin":"0 0 0 0","size":"18"},"setting_all_cards_0_0_0_1_1":{"align":"center","color":"rgb(255, 255, 255)","margin":"3 0 0 0","size":"12"},"setting_all_cards_0_0_0_2":{"align":"right","color":"rgb(153, 153, 153)","margin":"0 15 0 0","padding":"20 20 20 20","size":"15"},"setting_all_cards_0_1":{"padding":"0 0 0 0","width":"-1"},"setting_all_cards_0_1_0":{"color":"rgb(153, 153, 153)","height":"26","padding":"5 10 15 15","size":"14","style":"headerview"},"setting_all_cards_0_1_1":{"height":"60"},"setting_all_cards_0_1_1_0":{"align":"left","filter":"corner(23)","height":"46","margin":"0 10 0 0","vertical-align":"middle","width":"56"},"setting_all_cards_0_1_1_1":{"margin":"0 10 0 0","vertical-align":"middle"},"setting_all_cards_0_1_1_1_0":{"color":"rgb(0, 0, 0)","margin":"0 0 6 0","size":"15"},"setting_all_cards_0_1_1_1_1":{"color":"rgb(153, 153, 153)","margin":"0 0 0 0","size":"15"},"setting_all_cards_0_1_1_2":{"align":"right","image":"local:goto","margin":"0 0 0 15","vertical-align":"middle"},"setting_all_cards_0_2":{"padding":"0 0 0 0","width":"-1"},"setting_all_cards_0_2_0":{"color":"rgb(153, 153, 153)","height":"45","padding":"23 10 15 15","size":"14","style":"headerview"},"setting_all_cards_0_2_1":{"height":"60"},"setting_all_cards_0_2_1_0":{"align":"left","filter":"corner(23)","height":"46","margin":"0 10 0 0","vertical-align":"middle","width":"56"},"setting_all_cards_0_2_1_1":{"margin":"0 10 0 0","vertical-align":"middle"},"setting_all_cards_0_2_1_1_0":{"color":"rgb(0, 0, 0)","margin":"0 0 6 0","size":"15"},"setting_all_cards_0_2_1_1_1":{"color":"rgb(153, 153, 153)","margin":"0 0 0 0","size":"15"},"setting_all_cards_0_2_1_2":{"align":"right","image":"local:goto","margin":"0 0 0 15","vertical-align":"middle"},"setting_all_cards_0_0":{"style":"footerview"},"setting_all_cards_0_0_0":{"align":"screen_bottom_center","color":"rgb(153, 153, 153)","margin":"0 0 10 15","size":"12"},"setting_all_cards_0_3":{"color":"rgb(153, 153, 153)","height":"50","padding":"5 10 15 15","size":"14","style":"headerview"},"setting_all_cards_0_0_1":{"align":"screen_bottom_center","image":"local:insurance","margin":"0 0 10 -90"},"setting_card_limit_0_0":{"style":"titleView"},"setting_card_limit_0_0_0":{"height":"47","padding":"15 15 0 15"},"setting_card_limit_0_0_0_0":{"align":"left","image":"local:back","margin":"0 -23 0 0","padding":"20 20 20 20"},"setting_card_limit_0_0_0_1":{"vertical-align":"middle","width":"150"},"setting_card_limit_0_0_0_1_0":{"align":"center","color":"rgb(255, 255, 255)","margin":"0 0 0 0","size":"18"},"setting_card_limit_0_0_0_1_1":{"align":"center","color":"rgb(255, 255, 255)","margin":"3 0 0 0","size":"12"},"setting_card_limit_0_0_0_2":{"align":"right","color":"rgb(153, 153, 153)","margin":"0 15 0 0","padding":"20 20 20 20","size":"15"},"setting_card_limit_0_1":{"padding":"0 0 0 0","width":"-1"},"setting_card_limit_0_1_0":{"color":"rgb(0, 0, 0)","height":"40","padding":"15 15 15 15","size":"13","style":"headerview"},"setting_card_limit_0_1_1":{"height":"45"},"setting_card_limit_0_1_1_0":{"align":"left","margin":"0 15 0 0","vertical-align":"middle"},"setting_card_limit_0_1_1_1":{"align":"right","margin":"0 0 0 15","vertical-align":"middle"},"setting_card_limit_0_1_2":{"height":"45"},"setting_card_limit_0_1_2_0":{"align":"left","margin":"0 15 0 0","vertical-align":"middle"},"setting_card_limit_0_1_2_1":{"align":"right","margin":"0 0 0 15","vertical-align":"middle"},"setting_card_limit_0_2":{"style":"footerview"},"setting_card_limit_0_2_0":{"align":"screen_bottom","margin":"0 -30 10 0"},"setting_card_limit_0_2_0_0":{"color":"rgb(153, 153, 153)","padding":"0 0 0 0","size":"12","align":"center"},"setting_card_limit_0_2_0_1":{"color":"rgb(0, 0, 153)","padding":"0 0 0 0","size":"12"},"setting_unbinding_pwd_0":{"allowBack":"false","direction":"vertical","exit":"是否放弃付款？","height":"auto","image":"local:bg","width":"90%"},"setting_unbinding_pwd_0_1":{"style":"headerview","width":"-1"},"setting_unbinding_pwd_0_1_0":{"align":"center","color":"rgb(0, 0, 0)","margin":"20 30 20 30","size":"15"},"setting_unbinding_pwd_0_1_1":{"align":"center","color":"rgb(0, 0, 0)","margin":"20 30 20 30","size":"15"},"setting_unbinding_pwd_0_2_0":{"cursor":"true","height":"45","margin":"0 6 0 0","size":"16","style":"cell"},"setting_unbinding_pwd_0_2_1":{"cursor":"true","height":"45","margin":"0 6 0 0","size":"16","style":"cell"},"setting_unbinding_pwd_0_2_2":{"height":"0.1","style":"footerview"},"setting_unbinding_pwd_0_3":{"style":"footerview"},"setting_unbinding_pwd_0_3_0":{"color":"rgb(255, 255, 255);rgb(255, 255, 255);rgb(204, 204, 204)","height":"42","image":"local:normal;local:hover;local:disable_gray","margin":"20 10 0 10","size":"20","submit":"true","width":"-1"},"setting_no_cards_0_1":{"style":"headerview"},"setting_no_cards_0_1_0":{"align":"center","image":"local:bindcard","margin":"70 0 25 0"},"setting_no_cards_0_1_1":{"align":"center","color":"rgb(153, 153, 153)","margin":"0 0 25 0","size":"18"},"setting_no_cards_0_1_2":{"color":"rgb(255, 255, 255);rgb(255, 255, 255);rgb(204, 204, 204)","height":"42","image":"local:normal;local:hover;local:disable_gray","margin":"0 10 0 10","size":"20","submit":"true","width":"-1"},"open_web_view_0":{"allowBack":"true","direction":"vertical","exit":"是否放弃付款？","height":"auto","image":"local:bg","width":"90%"},"open_web_view_0_0":{"style":"headerview"},"open_web_view_0_0_0":{"height":"86","width":"-1"},"cashier_pre_confirm_select_0_0":{"height":"95","padding":"15 0 0 0","width":"-1"},"cashier_pre_confirm_select_0_0_0":{"height":"0","style":"headerview"},"cashier_pre_confirm_select_0_0_1_0":{"align":"center","height":"16","margin":"18 14 4 14"},"cashier_pre_confirm_select_0_0_1_0_0":{"align":"left","color":"rgb(153, 153, 153)","size":"15"},"cashier_pre_confirm_select_0_0_1_0_1":{"align":"right","color":"rgb(0, 0, 0)","size":"15"},"cashier_pre_confirm_select_0_0_1_1":{"align":"center","height":"38","margin":"4 14 0 14"},"cashier_pre_confirm_select_0_0_1_1_0":{"align":"left","color":"rgb(153, 153, 153)","size":"15"},"cashier_pre_confirm_select_0_0_1_1_1":{"align":"right","color":"rgb(0, 0, 0)","size":"15"},"cashier_pre_confirm_select_0_1_0":{"height":"20","style":"headerview"},"cashier_pre_confirm_select_0_1_1":{"padding":"0 0 0 0"},"cashier_pre_confirm_select_0_1_1_0":{"align":"center","height":"45","margin":"0 15 0 15"},"cashier_pre_confirm_select_0_1_1_0_0":{"align":"left","image":"local:uncheck_channal;local:check_channal;local:check_channal","vertical-align":"middle","margin":"-30 -30 -30 -120","padding":"30 30 30 120"},"cashier_pre_confirm_select_0_1_1_0_1":{"width":"200","align":"left","color":"rgb(153, 153, 153)","margin":"0 15 0 0","size":"15","vertical-align":"middle"},"cashier_pre_confirm_select_0_1_1_0_2":{"align":"right","color":"rgb(0, 0, 0)","margin":"0 0 0 0","size":"15","vertical-align":"middle","width":"200"},"cashier_pre_confirm_select_0_1_1_1":{"image":"local:middle_line","margin":"0 44 0 0"},"cashier_pre_confirm_select_0_1_1_2":{"align":"center","height":"45","margin":"0 15 0 15"},"cashier_pre_confirm_select_0_1_1_2_0":{"align":"left","image":"local:uncheck_channal;local:check_channal;local:uncheck_channal","vertical-align":"middle","margin":"-30 -30 -30 -120","padding":"30 30 30 120"},"cashier_pre_confirm_select_0_1_1_2_1":{"align":"left","color":"rgb(153, 153, 153)","margin":"0 15 0 0","size":"15","vertical-align":"middle"},"cashier_pre_confirm_select_0_1_1_2_2":{"align":"right","color":"rgb(0, 0, 0)","margin":"0 0 0 0","size":"15","vertical-align":"middle","width":"200"},"cashier_pre_confirm_select_0_1_2_0_0":{"align":"center","height":"54","margin":"0 15 0 15"},"cashier_pre_confirm_select_0_1_2_0_0_0":{"align":"left","color":"rgb(153, 153, 153)","size":"15","vertical-align":"middle"},"cashier_pre_confirm_select_0_1_2_0_0_1":{"align":"right","color":"rgb(0, 0, 0)","margin":"0 0 0 22","width":"240","size":"15","vertical-align":"middle"},"cashier_pre_confirm_select_0_1_2_0_0_2":{"align":"right","image":"local:arrow_down","vertical-align":"middle"},"cashier_pre_confirm_select_0_1_2_1_0":{"align":"center"},"cashier_pre_confirm_select_0_1_2_1_0_0":{"margin":"0 15 0 15"},"cashier_pre_confirm_select_0_1_2_1_0_0_0":{"height":"15.5"},"cashier_pre_confirm_select_0_1_2_1_0_0_1":{"margin":"3 0 3 0"},"cashier_pre_confirm_select_0_1_2_1_0_0_1_0":{"align":"left","color":"rgb(153, 153, 153)","size":"15"},"cashier_pre_confirm_select_0_1_2_1_0_0_1_1":{"align":"right","color":"rgb(0, 0, 0)","width":"240","size":"15"},"cashier_pre_confirm_select_0_1_2_1_0_0_2":{"height":"15.5"},"cashier_pre_confirm_select_0_1_3":{"align":"center"},"cashier_pre_confirm_select_0_1_3_0":{"margin":"0 15 0 15"},"cashier_pre_confirm_select_0_1_3_0_0":{"height":"11"},"cashier_pre_confirm_select_0_1_3_0_1":{"align":"center","margin":"3 0 3 0"},"cashier_pre_confirm_select_0_1_3_0_1_0":{"align":"left","color":"rgb(153, 153, 153)","size":"15"},"cashier_pre_confirm_select_0_1_3_0_1_1":{"align":"right","color":"rgb(0, 0, 0)","size":"15"},"cashier_pre_confirm_select_0_1_3_0_2":{"height":"11"},"cashier_pre_confirm_select_0_1_4":{"padding":"0 0 0 0"},"cashier_pre_confirm_select_0_1_4_0":{"align":"center","height":"65","margin":"0 15 0 15"},"cashier_pre_confirm_select_0_1_4_0_0":{"align":"left","color":"rgb(153, 153, 153)","size":"15","vertical-align":"middle"},"cashier_pre_confirm_select_0_1_4_0_1":{"align":"right","color":"rgb(0, 0, 0)","margin":"0 0 0 18","size":"35","vertical-align":"middle","width":"240"},"cashier_pre_confirm_select_0_1_4_0_2":{"align":"right","color":"rgb(0, 0, 0)","margin":"4 0 0 0","size":"18","vertical-align":"middle"},"cashier_pre_confirm_select_0_1_4_0_3":{"align":"right","color":"rgb(0, 0, 0)","size":"15","vertical-align":"middle"},"cashier_pre_confirm_select_0_1_4_1":{"color":"rgb(254, 254, 201)","padding":"0 0 0 0","width":"-1"},"cashier_pre_confirm_select_0_1_4_1_0":{"align":"left","color":"rgb(255, 102, 2)","margin":"3 14 3 0","size":"12"},"cashier_pre_confirm_select_0_2":{"style":"footerview"},"cashier_pre_confirm_select_0_2_0":{"color":"rgb(255, 255, 255);rgb(255, 255, 255);rgb(204, 204, 204)","height":"42","image":"local:normal;local:hover;local:disable_gray","margin":"20 10 0 10","size":"20","submit":"true","width":"-1"},"cashier_pre_confirm_select_0_2_1":{"color":"rgb(153, 153, 153)","margin":"10 13 0 10","size":"12"},"cashier_promotion_wait_0":{"allowBack":"false","exit":"是否退出？","height":"350","width":"290"},"cashier_promotion_wait_0_0":{"color":"rgb(239, 239, 244)","height":"280","width":"290"},"cashier_promotion_wait_0_0_0":{"align":"right","image":"local:big_close","margin":"0 0 0 0","padding":"15 15 15 15"},"cashier_promotion_wait_0_0_1":{"align":"center","image":"local:busy_casher","margin":"0 0 0 0"},"cashier_promotion_wait_0_0_2":{"align":"center","color":"rgb(153, 153, 153)","margin":"38 0 10 0","size":"22"},"cashier_promotion_wait_0_1":{"color":"rgb(255, 255, 255)","height":"70"},"cashier_promotion_wait_0_1_0":{"color":"rgb(0, 170, 255);rgb(0, 85, 128);rgb(204, 204, 204)","height":"70","margin":"0 0 0 0","size":"20","submit":"true","width":"290"},"cashier_sla_0":{"allowBack":"false","exit":"是否退出？","height":"350","width":"-1"},"cashier_sla_0_0":{"color":"rgb(239, 239, 244)","height":"280","width":"-1"},"cashier_sla_0_0_0":{"align":"center","color":"rgb(153, 153, 153)","margin":"120 0 10 0","size":"22"},"cashier_sla_0_0_1":{"align":"center","color":"rgb(153, 153, 153)","margin":"20 0 10 0","size":"20"},"cashier_sla_0_1":{"color":"rgb(255, 255, 255)","height":"70"},"cashier_sla_0_1_0":{"color":"rgb(0, 0, 255);rgb(0, 0, 255);rgb(204, 204, 204)","height":"70","margin":"0 0 0 0","size":"20","submit":"true","width":"-1"},"cashier_sla_retry_0":{"allowBack":"false","exit":"是否退出？","height":"350","width":"-1"},"cashier_sla_retry_0_0":{"color":"rgb(239, 239, 244)","height":"280","width":"-1"},"cashier_sla_retry_0_0_0":{"align":"right","color":"rgb(153, 153, 153)","margin":"15 0 0 15","size":"17"},"cashier_sla_retry_0_0_1":{"align":"center","color":"rgb(153, 153, 153)","margin":"100 0 10 0","size":"22"},"cashier_sla_retry_0_1":{"color":"rgb(255, 255, 255)","height":"70"},"cashier_sla_retry_0_1_0":{"color":"rgb(0, 0, 255);rgb(0, 0, 255);rgb(204, 204, 204)","height":"70","margin":"0 0 0 0","size":"20","width":"-1"},"cashier_promotion_nowait_0":{"allowBack":"false","exit":"是否退出？","height":"350","width":"-1"},"cashier_promotion_nowait_0_0":{"color":"rgb(239, 239, 244)","height":"280","width":"-1"},"cashier_promotion_nowait_0_0_0":{"align":"right","image":"local:big_close","margin":"15 0 0 15"},"cashier_promotion_nowait_0_0_1":{"align":"center","color":"rgb(153, 153, 153)","margin":"100 0 10 0","size":"22"},"cashier_promotion_nowait_0_0_2":{"align":"center","color":"rgb(153, 153, 153)","margin":"20 0 10 0","size":"20"},"cashier_promotion_nowait_0_1":{"color":"rgb(255, 255, 255)","height":"70","width":"-1"},"cashier_ad_fullscreen_0":{"style":"headerview"},"cashier_ad_fullscreen_0_0":{"color":"rgb(255, 255, 255)","height":"25","image":"local:orange_bg","margin":"0 0 0 0","marquee":"true","padding":"4 0 0 0","size":"13","width":"-1"},"cashier_ad_window_0":{"align":"float","color":"rgb(255, 255, 255)","height":"25","image":"local:orange_bg","marquee":"true","padding":"4 0 0 0","size":"13","width":"-1"},"cashier_ad_winfull_0":{"style":"titleView"},"cashier_ad_winfull_0_0":{"align":"screen","color":"rgb(255, 255, 255)","height":"25","image":"local:orange_bg","marquee":"true","padding":"4 0 0 0","size":"13","width":"-1"},"in_block_headerview_by_yuedongweng":{"style":"headerview","height":"0"},"cashier_card_no_tb_0":{},"cashier_card_no_tb_0_0_0":{"align":"left","color":"rgb(61, 66, 69)","content":"card_no","height":"44","margin":"0 6 0 0","size":"16","width":"-1"},"cashier_card_no_tb_0_0_1":{"color":"rgb(153, 153, 153)","padding":"8 15 0 0","size":"12","style":"footerview"},"cashier_card_no_tb_0_1":{"style":"footerview"},"cashier_card_no_tb_0_1_0":{"color":"rgb(255, 255, 255);rgb(255, 255, 255);rgb(204, 204, 204)","height":"40","image":"local:taobao_normal;local:taobao_hover;local:taobao_disable","margin":"20 10 0 10","size":"16","submit":"true","width":"-1"},"cashier_card_no_tb_0_1_1":{"color":"rgb(95, 100, 110);rgb(95, 100, 110);rgb(204, 204, 204)","height":"40","image":"local:taobao_normal_second;local:taobao_hover_second;local:taobao_disable_second","margin":"30 10 0 10","size":"16","width":"-1"},"cashier_complete_payment_pwd_tb_0":{"allowBack":"true"},"cashier_complete_payment_pwd_tb_0_0":{"height":"85","style":"headerview"},"cashier_complete_payment_pwd_tb_0_0_0":{"color":"rgb(255, 255, 255)","height":"65"},"cashier_complete_payment_pwd_tb_0_0_0_0":{"align":"left","image":"local:info","margin":"0 10 0 10","vertical-align":"middle"},"cashier_complete_payment_pwd_tb_0_0_0_1":{"color":"rgb(51, 51, 51)","size":"15","vertical-align":"middle"},"cashier_complete_payment_pwd_tb_0_0_1":{"height":"1","image":"local:middle_line","margin":"0 0 50 0","padding":"0 0 0 0"},"cashier_complete_payment_pwd_tb_0_1":{"height":"80"},"cashier_complete_payment_pwd_tb_0_1_0":{"align":"left","color":"rgb(61, 66, 69)","height":"45","margin":"0 6 0 0","size":"15","style":"cell","format":"^.{6,20}$","format_msg":"密码长度必须为6-20位"},"cashier_complete_payment_pwd_tb_0_1_1":{"align":"left","color":"rgb(170, 170, 170)","margin":"0 0 0 0","padding":"5 15 -5 0","size":"13","style":"footerview","underline":"false"},"cashier_complete_payment_pwd_tb_0_2":{"style":"footerview"},"cashier_complete_payment_pwd_tb_0_2_0":{"color":"rgb(255, 255, 255);rgb(255, 255, 255);rgb(204, 204, 204)","height":"42","image":"local:taobao_normal;local:taobao_hover;local:taobao_disable","margin":"20 10 0 10","size":"16","submit":"true","width":"-1"},"cashier_credit_card_tb_0_0":{"height":"4","style":"headerview","width":"-1"},"cashier_credit_card_tb_0_1_0":{"height":"11","style":"headerview","width":"-1"},"cashier_credit_card_tb_0_1_1":{"height":"45","margin":"14 15 0 15","style":"cell"},"cashier_credit_card_tb_0_1_1_0":{"size":"16","color":"rgb(61, 66, 69)"},"cashier_credit_card_tb_0_1_1_1":{"margin":"0 35 0 0","size":"16","color":"rgb(61, 66, 69)"},"cashier_credit_card_tb_0_1_1_2":{"margin":"0 20 0 0","size":"16","color":"rgb(61, 66, 69)"},"cashier_credit_card_tb_0_1_2":{"height":"11","style":"footerview","width":"-1"},"cashier_credit_card_tb_0_2_0":{"height":"11","style":"headerview","width":"-1"},"cashier_credit_card_tb_0_2_1":{"height":"45","margin":"0 6 0 0","size":"16","style":"cell","color":"rgb(61, 66, 69)"},"cashier_credit_card_tb_0_2_2":{"height":"45","margin":"0 6 0 0","size":"16","style":"cell","color":"rgb(61, 66, 69)"},"cashier_credit_card_tb_0_2_3":{"height":"29","padding":"8 15 0 15","style":"footerview"},"cashier_credit_card_tb_0_2_3_0":{"color":"rgb(153, 153, 153)","size":"12"},"cashier_credit_card_tb_0_2_3_1":{"align":"right","color":"rgb(0, 170, 225)","size":"12"},"cashier_credit_card_tb_0_3":{"together":"true"},"cashier_credit_card_tb_0_3_0":{"height":"11","style":"headerview","width":"-1"},"cashier_credit_card_tb_0_3_1":{"height":"45","margin":"0 6 0 0","size":"16","style":"cell","width":"-1","color":"rgb(61, 66, 69)"},"cashier_credit_card_tb_0_3_2":{"content":"cvv","height":"45","keyboard":"num","margin":"0 6 0 0","size":"16","style":"cell","width":"-1","color":"rgb(61, 66, 69)"},"cashier_credit_card_tb_0_3_3":{"height":"11","style":"footerview","width":"-1"},"cashier_credit_card_tb_0_4":{"together":"true"},"cashier_credit_card_tb_0_4_0":{"height":"11","style":"headerview","width":"-1"},"cashier_credit_card_tb_0_4_1":{"height":"45","margin":"0 6 0 0","size":"16","style":"cell","width":"-1","color":"rgb(61, 66, 69)"},"cashier_credit_card_tb_0_4_2":{"height":"11","style":"footerview","width":"-1"},"cashier_credit_card_tb_0_5":{"style":"footerview"},"cashier_credit_card_tb_0_5_0":{"margin":"-2 15 19 0"},"cashier_credit_card_tb_0_5_0_0":{"color":"rgb(61, 66, 69)","size":"12"},"cashier_credit_card_tb_0_5_0_1":{"color":"rgb(0, 170, 225)","size":"12"},"cashier_credit_card_tb_0_5_1":{"color":"rgb(255, 255, 255);rgb(255, 255, 255);rgb(204, 204, 204)","height":"40","image":"local:taobao_normal;local:taobao_hover;local:taobao_disable","margin":"20 10 10 10","size":"16","submit":"true","width":"-1"},"cashier_card_sms_tb_0":{"image":"local:bg"},"cashier_card_sms_tb_0_0":{"style":"headerview"},"cashier_card_sms_tb_0_0_0":{"color":"rgb(153, 153, 153)","margin":"15 10 10 0","size":"16"},"cashier_card_sms_tb_0_0_1":{"margin":"0 10 0 10","width":"-1"},"cashier_card_sms_tb_0_0_1_0":{"cursor":"true","height":"44","image":"local:inputGroup","size":"16","width":"45%","color":"rgb(61, 66, 69)"},"cashier_card_sms_tb_0_0_1_1":{"color":"rgb(0, 0, 0);rgb(0, 0, 0);rgb(204, 204, 204)","height":"44","image":"local:normal_second;local:hover_second;local:disable_gray","margin":"0 0 0 0","size":"15","sms":"true","width":"45%","align":"right"},"cashier_card_sms_tb_0_1":{"style":"footerview"},"cashier_card_sms_tb_0_1_0":{"color":"rgb(255, 255, 255);rgb(255, 255, 255);rgb(204, 204, 204)","height":"40","image":"local:taobao_normal;local:taobao_hover;local:taobao_disable","margin":"20 10 0 10","size":"16","submit":"true","width":"-1"},"deposit_index_0":{"allowBack":"false","direction":"vertical","exit":"是否放弃充值？","height":"auto","image":"local:bg","width":"90%"},"deposit_index_0_0":{"height":"15","style":"headerview","width":"-1"},"deposit_index_0_1_0":{"align":"center","height":"75"},"deposit_index_0_1_0_0":{"align":"left","filter":"corner(3)","height":"46","margin":"0 15 0 0","vertical-align":"middle","width":"61"},"deposit_index_0_1_0_1":{"margin":"0 15 0 0","vertical-align":"middle"},"deposit_index_0_1_0_1_0":{"color":"rgb(0, 0, 0)","margin":"0 0 6 0","size":"17"},"deposit_index_0_1_0_1_1":{"color":"rgb(153, 153, 153)","size":"13"},"deposit_index_0_1_0_2":{"align":"right","image":"local:goto","margin":"0 0 0 15","vertical-align":"middle"},"deposit_index_0_1_1":{"color":"rgb(153, 153, 153)","padding":"8 15 18 0","size":"12","style":"footerview"},"deposit_index_0_2_0":{"align":"center","height":"45"},"deposit_index_0_2_0_0":{"color":"rgb(0, 0, 0)","margin":"0 15 0 0","size":"17","vertical-align":"middle"},"deposit_index_0_2_0_1":{"align":"right","image":"local:goto","margin":"0 0 0 15","vertical-align":"middle"},"deposit_index_0_3_0":{"cursor":"false","height":"45","margin":"0 6 0 10","size":"16","style":"cell"},"deposit_index_0_3_1":{"style":"footerview"},"deposit_index_0_3_1_0":{"color":"rgb(255, 102, 0)","margin":"10 15 0 0","size":"13","visibility":"hidden"},"deposit_index_0_3_1_1":{"disable":"true","color":"rgb(255, 255, 255);rgb(255, 255, 255);rgb(204, 204, 204)","height":"42","image":"local:normal;local:hover;local:disable_gray","margin":"10 10 0 10","size":"20","width":"-1"},"deposit_index_0_4_0":{"color":"rgb(0, 170, 255)","padding":"18 15 18 0","size":"12","style":"headerview"},"deposit_index_0_4_1":{"height":"20","width":"-1"},"cashier_init_switch_0_0_5":{"margin":"3 0 10 0"},"cashier_init_switch_0_0_5_0":{"align":"float","cursor":"true","image":"local:input","margin":"10 15 0.5 40"},"cashier_init_switch_0_0_5_1":{"align":"float","cursor":"true","image":"local:minipwd_change","margin":"10 15 0.5 40"},"cashier_init_switch_0_0_5_2":{"align":"right","image":"local:change","margin":"12 0 0 5","padding":"10 10 10 10"},"cashier_title_window_home_logo_0":{"allowBack":"false","style":"titleView"},"cashier_title_window_home_logo_0_0":{"height":"43","padding":"15 15 0 15"},"cashier_title_window_home_logo_0_0_0":{"align":"left","image":"local:back_window","margin":"-20 -23 0 0","padding":"20 20 20 20"},"cashier_title_window_home_logo_0_0_1":{"align":"center","margin":"-7.5 0 0 0","vertical-align":"middle","width":"250"},"cashier_title_window_home_logo_0_0_1_0":{"align":"center","margin":"0 0 0 0"},"cashier_title_window_home_logo_0_0_1_0_0":{"image":"local:logo_orange","margin":"2 0 0 5"},"cashier_title_window_home_logo_0_0_1_0_1":{"color":"rgb(153, 153, 153)","margin":"0 0 0 0","size":"17"},"cashier_title_window_home_logo_0_0_1_1":{"align":"center","color":"rgb(153, 153, 153)","margin":"1 0 0 0","size":"13"},"cashier_title_window_home_logo_0_0_2":{"align":"right","color":"rgb(153, 153, 153)","margin":"-20 0 0 -17","padding":"20 20 20 20","size":"15"},"cashier_title_window_home_logo_0_0_3":{"align":"right","image":"local:help2","margin":"-10 -10 -10 -10","padding":"10 10 10 10"},"complete_pwd_after_success_0":{"allowBack":"false","exit":"是否放弃补全密码?"},"complete_pwd_after_success_0_0":{"style":"headerview","width":"-1"},"complete_pwd_after_success_0_0_0":{"color":"rgb(255, 255, 255)","height":"64.5","width":"-1"},"complete_pwd_after_success_0_0_0_0":{"image":"local:sure","margin":"17 15 17 10","vertical-align":"middle"},"complete_pwd_after_success_0_0_0_1":{"color":"rgb(51, 51, 51)","margin":"5 0 5 15","size":"16","vertical-align":"middle"},"complete_pwd_after_success_0_0_1":{"image":"local:middle_line","margin":"0 0 15 0"},"complete_pwd_after_success_0_1_0":{"color":"rgb(102, 102, 102)","padding":"2 15 9 0","size":"15","style":"headerview"},"complete_pwd_after_success_0_1_1":{"cursor":"true","height":"45","margin":"0 6 0 0","size":"16","style":"cell"},"complete_pwd_after_success_0_1_2":{"color":"rgb(153, 153, 153)","margin":"0 0 0 30","padding":"9 15 0 0","size":"12","style":"footerview"},"complete_pwd_after_success_0_2":{"style":"footerview"},"complete_pwd_after_success_0_2_0":{"color":"rgb(255, 255, 255);rgb(255, 255, 255);rgb(204, 204, 204)","height":"42","image":"local:normal;local:hover;local:disable_gray","margin":"20 10 10 10","size":"20","submit":"true","width":"-1"},"complete_pwd_repeat_after_success_0":{},"complete_pwd_repeat_after_success_0_0_0":{"color":"rgb(102, 102, 102)","padding":"-2 15 9 0","size":"15","style":"headerview"},"complete_pwd_repeat_after_success_0_0_1":{"cursor":"true","height":"45","margin":"0 6 0 0","size":"16","style":"cell"},"complete_pwd_repeat_after_success_0_0_2":{"color":"rgb(153, 153, 153)","margin":"0 0 0 30","padding":"9 15 0 0","size":"12","style":"footerview"},"complete_pwd_repeat_after_success_0_1":{"style":"footerview"},"complete_pwd_repeat_after_success_0_1_0":{"color":"rgb(255, 255, 255);rgb(255, 255, 255);rgb(204, 204, 204)","height":"42","image":"local:normal;local:hover;local:disable_gray","margin":"20 10 10 10","size":"20","submit":"true","width":"-1"},"complete_spwd_after_success_0":{"allowBack":"false","exit":"是否放弃补全密码?"},"complete_spwd_after_success_0_0":{"style":"headerview","width":"-1"},"complete_spwd_after_success_0_0_0":{"color":"rgb(255, 255, 255)","height":"64.5","width":"-1"},"complete_spwd_after_success_0_0_0_0":{"image":"local:sure","margin":"17 15 17 10","vertical-align":"middle"},"complete_spwd_after_success_0_0_0_1":{"color":"rgb(51, 51, 51)","margin":"5 0 5 15","size":"16","vertical-align":"middle"},"complete_spwd_after_success_0_0_1":{"image":"local:middle_line","margin":"0 0 15 0"},"complete_spwd_after_success_0_0_2":{"color":"rgb(102, 102, 102)","margin":"0 0 0 15","padding":"2 15 10 15","size":"15","style":"headerview"},"complete_spwd_after_success_0_0_3":{"cursor":"true","image":"local:minipwd_big"},"complete_spwd_repeat_after_success_0":{},"complete_spwd_repeat_after_success_0_0":{"style":"headerview","width":"-1"},"complete_spwd_repeat_after_success_0_0_0":{"color":"rgb(102, 102, 102)","margin":"15 0 0 15","padding":"-2 15 10 15","size":"15","style":"headerview"},"complete_spwd_repeat_after_success_0_0_1":{"cursor":"true","image":"local:minipwd_big"},"complete_spwd_repeat_after_success_0_1":{"style":"footerview"},"complete_spwd_repeat_after_success_0_1_0":{"color":"rgb(255, 255, 255);rgb(255, 255, 255);rgb(204, 204, 204)","height":"42","image":"local:normal;local:hover;local:disable_gray","margin":"20 10 10 10","size":"20","submit":"true","width":"-1"},"frontpay_cashier_init_cmode_0":{"allowBack":"false","color":"rgb(255, 202, 58)","exit":"是否放弃付款?","height":"203","width":"300","background-alpha":"0.8"},"frontpay_cashier_init_cmode_0_0":{"height":"48","style":"titleView"},"frontpay_cashier_init_cmode_0_0_0":{"align":"center","color":"rgb(238, 54, 21)","margin":"15 0 0 0","size":"17"},"frontpay_cashier_init_cmode_0_0_1":{"align":"float","image":"local:red_people","margin":"-50 220 0 0"},"frontpay_cashier_init_cmode_0_1":{"height":"98"},"frontpay_cashier_init_cmode_0_1_0":{"color":"rgb(224, 167, 0)","margin":"0 15 0 15"},"frontpay_cashier_init_cmode_0_1_1":{"cursor":"true","image":"local:minpwd_red","margin":"15 0 0 0"},"frontpay_cashier_init_cmode_0_1_2":{"cursor":"true","image":"local:input_red","margin":"15 15 0.5 15","height":"38"},"frontpay_cashier_init_cmode_0_1_3":{"margin":"0 0 0 0"},"frontpay_cashier_init_cmode_0_1_3_0":{"image":"local:check_red;local:check_selected_red;local:check_red","margin":"-10 -10 -10 5","padding":"23 25 10 180"},"frontpay_cashier_init_cmode_0_1_3_1":{"color":"rgb(121, 52, 44)","margin":"13 -180 0 0","size":"14"},"frontpay_cashier_init_cmode_0_1_3_2":{"align":"right","image":"local:help_red","margin":"-10 -10 -10 -10","padding":"23 10 10 25"},"frontpay_cashier_init_cmode_0_2_0_0":{"color":"rgb(255, 255, 255);rgb(255, 255, 255);rgb(250, 141, 125)","height":"42","image":"local:btn_normal_orange;local:btn_hover_orange;local:btn_normal_orange","padding":"0 15 0 0","size":"21","width":"145.5"},"frontpay_cashier_init_cmode_0_2_0_1":{"color":"rgb(255, 255, 255);rgb(255, 255, 255);rgb(250, 141, 125)","height":"42","image":"local:btn_normal_red;local:btn_hover_red;local:btn_normal_red","padding":"0 10.5 0 0","size":"21","submit":"true","width":"141"},"frontpay_cashier_init_cmode_gf_0":{"color":"rgb(0, 0, 0)"},"frontpay_cashier_init_cmode_gf_1":{"height":"-1","width":"-1"},"frontpay_cashier_init_cmode_gf_0_0":{"align":"screen_center","image":"local:guide_setting_red","margin":"0 0 0 0"},"frontpay_cashier_init_cmode_gf_0_1":{"align":"screen_bottom_center","image":"local:guide_iknow","margin":"0 0 0 0"},"frontpay_cashier_init_contactmode_0":{"allowBack":"false","color":"rgb(239, 239, 244)","exit":"是否放弃付款?","height":"auto","time":"600","width":"300","background-alpha":"0.8"},"frontpay_cashier_init_contactmode_0_0_0":{"height":"46.5"},"frontpay_cashier_init_contactmode_0_0_0_0":{"align":"center","color":"rgb(153, 153, 153)","margin":"1 0 0 0","size":"16","vertical-align":"middle"},"frontpay_cashier_init_contactmode_0_1":{"height":"98"},"frontpay_cashier_init_contactmode_0_1_0":{"color":"rgb(204, 204, 204)","margin":"0 15 0 15"},"frontpay_cashier_init_contactmode_0_1_1":{"cursor":"true","image":"local:minpwd","margin":"15 0 0 0"},"frontpay_cashier_init_contactmode_0_1_2":{"cursor":"true","image":"local:input","margin":"15 15 0.5 15"},"frontpay_cashier_init_contactmode_0_1_3":{"margin":"0 0 0 0"},"frontpay_cashier_init_contactmode_0_1_3_0":{"image":"local:check;local:check_selected;local:check_disable","margin":"-10 -10 -10 5","padding":"24 25 10 180"},"frontpay_cashier_init_contactmode_0_1_3_1":{"margin":"12 -180 0 0","size":"14"},"frontpay_cashier_init_contactmode_0_1_3_2":{"align":"right","image":"local:help2","margin":"-20 -20 -20 -5","padding":"33 20 20 20"},"frontpay_cashier_init_contactmode_0_2":{"margin":"0 0 15 0"},"frontpay_cashier_init_contactmode_0_2_0_0":{"color":"rgb(0, 0, 0);rgb(0, 0, 0);rgb(204, 204, 204)","height":"42","image":"local:normal_second;local:hover_second;local:disable_second","padding":"0 15 0 0","size":"20","width":"145.5"},"frontpay_cashier_init_contactmode_0_2_0_1":{"color":"rgb(255, 255, 255);rgb(255, 255, 255);rgb(77, 163, 239)","height":"42","image":"local:normal;local:hover;local:disable","padding":"0 10.5 0 0","size":"20","submit":"true","width":"141"},"frontpay_cashier_init_contactmode_gf_0":{"color":"rgb(0, 0, 0)"},"frontpay_cashier_init_contactmode_gf_1":{"height":"-1","width":"-1"},"frontpay_cashier_init_contactmode_gf_0_0":{"align":"screen_center","image":"local:guide_contract_nopwd"},"frontpay_cashier_init_contactmode_gf_0_1":{"align":"screen_bottom_center","image":"local:guide_iknow"},"open_account_auth_0":{"scroll":"true"},"open_account_auth_0_0":{"color":"rgb(255, 255, 255)","style":"headerview","width":"-1"},"open_account_auth_0_0_0":{"align":"center","filter":"corner(5)","height":"70","margin":"30 0 0 0","width":"70"},"open_account_auth_0_0_1":{"align":"center","margin":"12 0 17 0","size":"16"},"open_account_auth_0_0_2":{"margin":"0 15 0 15"},"open_account_auth_0_0_2_0":{"image":"local:small_logo"},"open_account_auth_0_0_2_1":{"margin":"-1 7 0 0","size":"16"},"open_account_auth_0_0_3":{"color":"rgb(200, 199, 204)","margin":"24 0 0 0"},"open_account_auth_0_1":{"style":"footerview"},"open_account_auth_0_1_0":{"color":"rgb(153, 153, 153)","margin":"17 15 8 0","size":"16"},"open_account_auth_0_1_1":{"margin":"8 15 8 0","size":"13"},"open_account_auth_0_1_2":{"color":"rgb(200, 199, 204)","effect":"dotted","margin":"0 15 0 15"},"open_account_auth_0_1_3":{"margin":"8 15 8 0","size":"13"},"open_account_auth_0_1_4":{"margin":"0 0 0 0"},"open_account_auth_0_1_4_0":{"image":"local:check;local:check_selected;local:check_disable","margin":"-10 -10 -10 5","padding":"16 25 22 180"},"open_account_auth_0_1_4_1":{"margin":"4 -180 0 0","size":"14"},"open_account_auth_0_1_5":{"margin":"0 0 0 0"},"open_account_auth_0_1_5_0":{"image":"local:check;local:check_selected;local:check_disable","margin":"-13 -10 -10 5","padding":"16 25 22 50"},"open_account_auth_0_1_5_1":{"margin":"1 -50 0 0","size":"14"},"open_account_auth_0_1_5_2":{"color":"rgb(0, 170, 255)","margin":"1 0 0 0","size":"14"},"open_account_auth_0_1_5_3":{"margin":"1 0 0 0","size":"14"},"open_account_auth_0_1_6":{"color":"rgb(255, 255, 255);rgb(255, 255, 255);rgb(204, 204, 204)","height":"42","image":"local:normal;local:hover;local:disable_gray","margin":"20 10 10 10","size":"20","submit":"true","width":"-1"},"open_account_auth_0_1_7":{"align":"right","color":"rgb(0, 170, 255)","margin":"10 0 10 15","size":"14"},"open_account_login_small_0":{"allowBack":"false","color":"rgb(239, 239, 244)","exit":"是否退出?","height":"auto","width":"300"},"open_account_login_small_0_0":{"width":"300"},"open_account_login_small_0_0_0":{"height":"45"},"open_account_login_small_0_0_0_0":{"color":"rgb(0, 170, 255)","margin":"15 15 0 0","size":"14"},"open_account_login_small_0_0_0_1":{"align":"right","image":"local:small_close","padding":"15 25 25 15"},"open_account_login_small_0_0_1":{"align":"center","filter":"corner(5)","height":"70","width":"70"},"open_account_login_small_0_0_2":{"align":"center","margin":"12 0 22 0","size":"16"},"open_account_login_small_0_0_3":{"margin":"0 15 0 15"},"open_account_login_small_0_0_3_0":{"image":"local:small_logo","padding":"0 0 0 0"},"open_account_login_small_0_0_3_1":{"align":"center","margin":"-1 5 0 0","size":"16"},"open_account_login_small_0_0_4":{"color":"rgb(204, 204, 204)","margin":"29 15 0 15"},"open_account_login_small_0_0_5":{"margin":"0 0 0 0"},"open_account_login_small_0_0_5_0":{"checked":"true","image":"local:check;local:check_selected;local:check_disable","margin":"-10 -10 -10 5","padding":"25 25 25 180"},"open_account_login_small_0_0_5_1":{"margin":"13 -180 0 0","size":"14"},"open_account_login_small_0_0_6":{"margin":"-3 0 0 0"},"open_account_login_small_0_0_6_0":{"image":"local:check;local:check_selected;local:check_disable","margin":"-13 -10 -10 5","padding":"16 25 22 50"},"open_account_login_small_0_0_6_1":{"margin":"1 -50 0 0","size":"14"},"open_account_login_small_0_0_6_2":{"color":"rgb(0, 170, 255)","margin":"1 0 0 0","size":"14"},"open_account_login_small_0_0_6_3":{"margin":"1 0 0 0","size":"14"},"open_account_login_small_0_0_7":{"align":"center","color":"rgb(255, 255, 255);rgb(255, 255, 255);rgb(111, 149, 244)","height":"42","image":"local:normal;local:hover;local:normal","margin":"0 0 15 0","size":"21","width":"270"},"cashier_wkcard_billaddr_0":{"allowBack":"false","direction":"vertical","exit":"是否放弃付款？","height":"auto","image":"local:bg","width":"90%"},"cashier_wkcard_billaddr_0_0_0":{"margin":"13 15 13 0","padding":"18 0 22 0","style":"cell","width":"98.5%"},"cashier_wkcard_billaddr_0_0_0_0":{"margin":"0 0 0 0","size":"16","vertical-align":"middle","width":"77"},"cashier_wkcard_billaddr_0_0_0_1":{"color":"rgb(0, 0, 0)","margin":"0 0 0 0","size":"16","vertical-align":"middle","width":"63.5%"},"cashier_wkcard_billaddr_0_0_0_2":{"align":"right","image":"local:goto","margin":"0 0 0 5","vertical-align":"middle"},"cashier_wkcard_billaddr_0_0_1":{"height":"45","margin":"0 15 0 0","style":"cell","width":"98.5%"},"cashier_wkcard_billaddr_0_0_1_0":{"margin":"0 0 0 0","size":"16","vertical-align":"middle","width":"80"},"cashier_wkcard_billaddr_0_0_2":{"height":"45","margin":"0 5 0 0","size":"16","style":"cell","width":"98.5%"},"cashier_wkcard_billaddr_0_1":{"style":"footerview"},"cashier_wkcard_billaddr_0_1_0":{"color":"rgb(255, 255, 255);rgb(255, 255, 255);rgb(204, 204, 204)","height":"42","image":"local:normal;local:hover;local:disable_gray","margin":"20 10 10 10","size":"20","submit":"true","width":"-1"},"cashier_new_wk_card_0_0_0":{"height":"42.5","margin":"0 15 0 15"},"cashier_new_wk_card_0_0_0_0":{"color":"rgb(0, 0, 0)","size":"16","vertical-align":"middle"},"cashier_new_wk_card_0_0_0_1":{"color":"rgb(25, 25, 112)","margin":"0 30 0 0","size":"16","vertical-align":"middle"},"cashier_new_wk_card_0_0_1":{"height":"15","style":"footerview"},"cashier_new_wk_card_0_1_0":{"height":"42.5","margin":"0 15 0 15","width":"98.5%"},"cashier_new_wk_card_0_1_0_0":{"color":"rgb(0, 0, 0)","size":"16","vertical-align":"middle","width":"20"},"cashier_new_wk_card_0_1_0_1":{"size":"16","vertical-align":"middle","width":"120"},"cashier_new_wk_card_0_1_0_2":{"color":"rgb(186, 186, 186)","height":"18","vertical-align":"middle","width":"1"},"cashier_new_wk_card_0_1_0_3":{"color":"rgb(0, 0, 0)","margin":"0 15 0 0","size":"16","vertical-align":"middle","width":"35"},"cashier_new_wk_card_0_1_0_4":{"size":"16","vertical-align":"middle","width":"120"},"cashier_new_wk_card_0_1_1":{"align":"left","color":"rgb(0, 0, 0)","height":"42.5","keyboard":"num","margin":"0 6 0 0","size":"16","vertical-align":"middle","width":"98.5%"},"cashier_new_wk_card_0_1_2":{"align":"left","color":"rgb(0, 0, 0)","content":"cvv","height":"42.5","keyboard":"num","margin":"0 6 0 0","size":"16","vertical-align":"middle","width":"98.5%"},"cashier_new_wk_card_0_2_0":{"align":"left","color":"rgb(0, 0, 0)","height":"42.5","margin":"0 6 0 0","size":"16","vertical-align":"middle","width":"98.5%"},"cashier_new_wk_card_0_3_0":{"width":"98.5%"},"cashier_new_wk_card_0_3_0_0":{"color":"rgb(0, 0, 0)","margin":"10 15 10 0","size":"16","width":"92"},"cashier_new_wk_card_0_3_0_1":{"color":"rgb(0, 0, 0)","margin":"10 0 10 0","size":"16","width":"62%"},"cashier_new_wk_card_0_3_0_2":{"align":"right","image":"local:goto","margin":"0 0 0 10","vertical-align":"middle"},"cashier_new_wk_card_0_4":{"style":"footerview"},"cashier_new_wk_card_0_4_1":{"color":"rgb(255, 255, 255);rgb(255, 255, 255);rgb(204, 204, 204)","height":"42","image":"local:normal;local:hover;local:disable_gray","margin":"5 10 10 10","size":"20","submit":"true","width":"-1"},"cashier_new_wk_card_0_5_0":{"height":"0","style":"headerview"},"cashier_card_fingerprint_pwd_0":{"allowBack":"false","direction":"vertical","exit":"是否放弃付款？","height":"auto","image":"local:bg","width":"90%"},"cashier_card_fingerprint_pwd_0_0":{"style":"titleView"},"cashier_card_fingerprint_pwd_0_0_0":{"height":"47","padding":"15 15 0 15"},"cashier_card_fingerprint_pwd_0_0_0_0":{"align":"left"},"cashier_card_fingerprint_pwd_0_0_0_0_0_0":{"image":"local:back","margin":"0 -2 0 0"},"cashier_card_fingerprint_pwd_0_0_0_0_0_1":{"color":"rgb(255, 255, 255)","margin":"0 5 0 0","size":"14"},"cashier_card_fingerprint_pwd_0_0_0_1":{"vertical-align":"middle","width":"190"},"cashier_card_fingerprint_pwd_0_0_0_1_0":{"align":"center","color":"rgb(255, 255, 255)","margin":"0 -15 0 0","size":"20"},"cashier_card_fingerprint_pwd_0_1":{"style":"headerview","width":"-1"},"cashier_card_fingerprint_pwd_0_1_0":{"align":"center","image":"local:finger","margin":"75 0 0 0"},"cashier_card_fingerprint_pwd_0_1_1":{"align":"center","color":"rgb(153, 153, 153)","margin":"40 0 20 0","size":"16"},"cashier_card_fingerprint_pwd_0_2":{"style":"footerview"},"cashier_card_fingerprint_pwd_0_2_0":{"color":"rgb(255, 255, 255);rgb(255, 255, 255);rgb(204, 204, 204)","height":"42","image":"local:normal;local:hover;local:disable_gray","margin":"20 10 10 10","size":"20","style":"footerview","submit":"true","width":"-1"},"cashier_card_fingerprint_pwd_0_2_1":{"align":"center","color":"rgb(0, 177, 255)","margin":"30 0 10 0","size":"16"},"setting_fingerprint_pwd_check_0":{"allowBack":"false","color":"rgb(239, 239, 244)","exit":"是否放弃付款?","height":"auto","width":"300"},"setting_fingerprint_pwd_check_0_0_0":{"height":"46.5"},"setting_fingerprint_pwd_check_0_0_0_0":{"align":"center","color":"rgb(153, 153, 153)","margin":"1 0 0 0","size":"16","vertical-align":"middle"},"setting_fingerprint_pwd_check_0_1_0":{"color":"rgb(204, 204, 204)","margin":"0 15 0 15"},"setting_fingerprint_pwd_check_0_1_1":{"color":"rgb(153, 153, 153)","margin":"18 15 7 0","size":"14"},"setting_fingerprint_pwd_check_0_1_2":{"margin":"0 15 4 0"},"setting_fingerprint_pwd_check_0_1_2_0":{"color":"rgb(153, 153, 153)","margin":"0 0 0 0","size":"14"},"setting_fingerprint_pwd_check_0_1_2_1":{"color":"rgb(0, 170, 255)","margin":"0 4 0 0","size":"14"},"setting_fingerprint_pwd_check_0_2":{"margin":"15 0 15 0"},"setting_fingerprint_pwd_check_0_2_0_0":{"color":"rgb(0, 0, 0);rgb(0, 0, 0);rgb(204, 204, 204)","height":"42","image":"local:normal_second;local:hover_second;local:disable_second","padding":"0 15 0 0","size":"20","width":"145.5"},"setting_fingerprint_pwd_check_0_2_0_1":{"color":"rgb(255, 255, 255);rgb(255, 255, 255);rgb(111, 149, 244)","height":"42","image":"local:normal;local:hover;local:normal","padding":"0 10.5 0 0","size":"20","submit":"true","width":"141"},"open_fingerprint_pwd_check_0":{"allowBack":"false","color":"rgb(239, 239, 244)","exit":"是否放弃付款?","height":"auto","width":"300"},"open_fingerprint_pwd_check_0_0_0":{"height":"46.5"},"open_fingerprint_pwd_check_0_0_0_0":{"align":"center","color":"rgb(153, 153, 153)","margin":"1 0 0 0","size":"16","vertical-align":"middle"},"open_fingerprint_pwd_check_0_1_0":{"color":"rgb(204, 204, 204)","margin":"0 15 0 15"},"open_fingerprint_pwd_check_0_1_1":{"color":"rgb(153, 153, 153)","margin":"18 15 7 0","size":"14"},"open_fingerprint_pwd_check_0_1_2":{"margin":"0 15 4 0"},"open_fingerprint_pwd_check_0_1_2_0":{"color":"rgb(153, 153, 153)","margin":"0 0 0 0","size":"14"},"open_fingerprint_pwd_check_0_1_2_1":{"color":"rgb(0, 170, 255)","margin":"0 4 0 0","size":"14"},"open_fingerprint_pwd_check_0_2":{"margin":"15 0 15 0"},"open_fingerprint_pwd_check_0_2_0_0":{"color":"rgb(0, 0, 0);rgb(0, 0, 0);rgb(204, 204, 204)","height":"42","image":"local:normal_second;local:hover_second;local:disable_second","padding":"0 15 0 0","size":"20","width":"145.5"},"open_fingerprint_pwd_check_0_2_0_1":{"color":"rgb(255, 255, 255);rgb(255, 255, 255);rgb(111, 149, 244)","height":"42","image":"local:normal;local:hover;local:normal","padding":"0 10.5 0 0","size":"20","submit":"true","width":"141"},"deposit_fingerprint_pwd_check_0":{"allowBack":"false","color":"rgb(239, 239, 244)","exit":"是否放弃付款?","height":"auto","width":"300"},"deposit_fingerprint_pwd_check_0_0_0":{"height":"46.5"},"deposit_fingerprint_pwd_check_0_0_0_0":{"align":"center","color":"rgb(153, 153, 153)","margin":"1 0 0 0","size":"16","vertical-align":"middle"},"deposit_fingerprint_pwd_check_0_1_0":{"color":"rgb(204, 204, 204)","margin":"0 15 0 15"},"deposit_fingerprint_pwd_check_0_1_1":{"color":"rgb(153, 153, 153)","margin":"18 15 7 0","size":"14"},"deposit_fingerprint_pwd_check_0_1_2":{"margin":"0 15 4 0"},"deposit_fingerprint_pwd_check_0_1_2_0":{"color":"rgb(153, 153, 153)","margin":"0 0 0 0","size":"14"},"deposit_fingerprint_pwd_check_0_1_2_1":{"color":"rgb(0, 170, 255)","margin":"0 4 0 0","size":"14"},"deposit_fingerprint_pwd_check_0_2":{"margin":"15 0 15 0"},"deposit_fingerprint_pwd_check_0_2_0_0":{"color":"rgb(0, 0, 0);rgb(0, 0, 0);rgb(204, 204, 204)","height":"42","image":"local:normal_second;local:hover_second;local:disable_second","padding":"0 15 0 0","size":"20","width":"145.5"},"deposit_fingerprint_pwd_check_0_2_0_1":{"color":"rgb(255, 255, 255);rgb(255, 255, 255);rgb(111, 149, 244)","height":"42","image":"local:normal;local:hover;local:normal","padding":"0 10.5 0 0","size":"20","submit":"true","width":"141"},"cashier_confirm_goods_fingerprint_0":{"allowBack":"false","color":"rgb(239, 239, 244)","exit":"是否放弃付款?","height":"auto","width":"300"},"cashier_confirm_goods_fingerprint_0_0_0":{"height":"46.5"},"cashier_confirm_goods_fingerprint_0_0_0_0":{"align":"center","color":"rgb(153, 153, 153)","margin":"1 0 0 0","size":"16","vertical-align":"middle"},"cashier_confirm_goods_fingerprint_0_1_0":{"color":"rgb(204, 204, 204)","margin":"0 15 0 15"},"cashier_confirm_goods_fingerprint_0_1_1":{"align":"center","margin":"10 0 6 0","size":"22.5"},"cashier_confirm_goods_fingerprint_0_1_2":{"align":"center","color":"rgb(153, 153, 153)","margin":"0 0 27 0","size":"14"},"cashier_confirm_goods_fingerprint_0_1_3":{"align":"center","margin":"0 0 0 0"},"cashier_confirm_goods_fingerprint_0_1_3_0":{"color":"rgb(153, 153, 153)","margin":"0 0 0 0","size":"14"},"cashier_confirm_goods_fingerprint_0_1_3_1":{"color":"rgb(0, 170, 255)","margin":"0 4 0 0","size":"14"},"cashier_confirm_goods_fingerprint_0_2":{"margin":"15 0 15 0"},"cashier_confirm_goods_fingerprint_0_2_0_0":{"color":"rgb(0, 0, 0);rgb(0, 0, 0);rgb(204, 204, 204)","height":"42","image":"local:normal_second;local:hover_second;local:disable_second","padding":"0 15 0 0","size":"20","width":"145.5"},"cashier_confirm_goods_fingerprint_0_2_0_1":{"color":"rgb(255, 255, 255);rgb(255, 255, 255);rgb(111, 149, 244)","height":"42","image":"local:normal;local:hover;local:normal","padding":"0 10.5 0 0","size":"20","submit":"true","width":"141"},"frontpay_cashier_init_fingerprint_0":{"allowBack":"false","color":"rgb(239, 239, 244)","exit":"是否放弃付款?","height":"auto","width":"300"},"frontpay_cashier_init_fingerprint_0_0_0":{"height":"46.5"},"frontpay_cashier_init_fingerprint_0_0_0_0":{"align":"center","color":"rgb(153, 153, 153)","margin":"1 0 0 0","size":"16","vertical-align":"middle"},"frontpay_cashier_init_fingerprint_0_1_0":{"color":"rgb(204, 204, 204)","margin":"0 15 0 15"},"frontpay_cashier_init_fingerprint_0_1_1":{"color":"rgb(153, 153, 153)","margin":"18 15 7 0","size":"14"},"frontpay_cashier_init_fingerprint_0_1_2":{"margin":"0 15 4 0"},"frontpay_cashier_init_fingerprint_0_1_2_0":{"color":"rgb(153, 153, 153)","margin":"0 0 0 0","size":"14"},"frontpay_cashier_init_fingerprint_0_1_2_1":{"color":"rgb(0, 170, 255)","margin":"0 4 0 0","size":"14"},"frontpay_cashier_init_fingerprint_0_2":{"margin":"15 0 15 0"},"frontpay_cashier_init_fingerprint_0_2_0_0":{"color":"rgb(0, 0, 0);rgb(0, 0, 0);rgb(204, 204, 204)","height":"42","image":"local:normal_second;local:hover_second;local:disable_second","padding":"0 15 0 0","size":"20","width":"145.5"},"frontpay_cashier_init_fingerprint_0_2_0_1":{"color":"rgb(255, 255, 255);rgb(255, 255, 255);rgb(111, 149, 244)","height":"42","image":"local:normal;local:hover;local:normal","padding":"0 10.5 0 0","size":"20","submit":"true","width":"141"}} 
