{"black":{"color":"rgb(0, 0, 0)"},"gray":{"color":"rgb(204, 204, 204)"},"empty":{},"s20":{"size":"20"},"s21":{"size":"21"},"s22":{"size":"22"},"s26":{"size":"26"},"s30":{"size":"30"},"center":{"align":"center"},"left":{"align":"left"},"right":{"align":"right"},"num":{"keyboard":"num"},"date":{"keyboard":"date"},"pinyin":{"keyboard":"pinyin"},"en":{"keyboard":"en"},"cert":{"keyboard":"cert"},"email":{"keyboard":"email"},"money":{"keyboard":"money"},"mobile":{"keyboard":"num","content":"mobile","format":"^1\\d{10}$","format_msg":"请输入正确的手机号码"},"card":{"content":"card","format":"^\\d{12,19}$","format_msg":"请输入正确的银行卡号"},"certno":{"content":"cert","format":"(^\\d{15}$)|(^\\d{17}([0-9]|X)$)","format_msg":"请输入正确的身份证号码"},"cursor":{"cursor":"true"},"allow_back":{"allowBack":"true"},"not_allow_back":{"allowBack":"false","exit":"是否放弃付款？"},"not_allow_exit":{"allowBack":"false","exit":"是否退出？"},"not_allow_back_goods":{"allowBack":"false","exit":"是否放弃确认收货？"},"forbid_back":{"allowBack":"false"},"disable_back":{"disableBack":"true"},"exit_bind_card":{"exit":"是否放弃绑定银行卡？"},"card_no_back":{"allowBack":"false","exit":"是否放弃绑定银行卡？"},"exit_bind_account":{"exit":"是否放弃开通支付宝？"},"one_time":{"oneTime":"true"},"fullscreen":{"fullscreen":"true"},"loginpwd":{"content":"loginpwd"},"paypwd":{"content":"paypwd","image":"local:input"},"simplepwd":{"content":"simplepwd","image":"local:minpwd"},"no_under":{"underline":"false"},"clear":{"margin":"0 0 0 0","padding":"0 0 0 0"},"together":{"together":"true"},"visibility":{"visibility":"hidden"},"fullpay_switch":{"image":"local:switch"},"label":{"type":"label"},"scroll":{"overflow":"scroll"},"line":{"image":"local:middle_line"},"cell":{"style":"cell"},"error_image":{"image":"local:error"},"hui":{"image":"local:hui"},"cancel":{"content":"cancel"},"confirm":{"content":"confirm"},"redpoint":{"content":"redpoint"},"blank":{"image":"local:blank","width":"50"},"keepre":{"keepre":"true"},"keepbackground":{"keep-background":"true"},"red":{"color":"rgb(255, 102, 0)"},"cardno":{"format":"^\\d+$","format_msg":"请输入正确的银行卡号"},"public_coupon":{"image":"local:inputGroup","margin":"0 15 20 15"}} 
